Student Number,Gender,Age,Degree,Year Graduated,CGPA,Average Prof Grade,Average Elec Grade,OJT Grade,Leadership POS,Act Member POS,Soft Skills Ave,Hard Skills Ave,Employability,Auditing Skills,Budgeting & Analysis Skills,Classroom Management Skills,Cloud Computing Skills,Curriculum Development Skills,Data Structures & Algorithms,Database Management Skills,Educational Technology Skills,Financial Accounting Skills,Financial Management Skills,Java Programming Skills,Leadership & Decision-Making Skills,Machine Learning Skills,Marketing Skills,Networking Skills,Programming Logic Skills,Python Programming Skills,Software Engineering Skills,Strategic Planning Skills,System Design Skills,Taxation Skills,Teaching Skills,Web Development Skills,Statistical Analysis Skills,English Communication & Writing Skills,Filipino Communication & Writing Skills,Early Childhood Education Skills,Customer Service Skills,Event Management Skills,Food & Beverage Management Skills,Risk Management Skills,Innovation & Business Planning Skills,Consumer Behavior Analysis,Sales Management Skills,Artificial Intelligence Skills,Cybersecurity Skills,Circuit Design Skills,Communication Systems Skills,Problem-Solving Skills,Clinical Skills,Patient Care Skills,Health Assessment Skills,Emergency Response Skills
25-00001,Male,24,BSIT,2020,2.78,81.18,86.48,88.59,No,No,76,77.4,Not Employable,,,,,,,80,,,,84,,,,100,,85,,,90,,,92,,,,,,,,,,,,,80,,,,,,,
25-00002,Female,22,BSIT,2022,2.08,86.22,88.69,89.68,Yes,No,82.5,72.8,Employable,,,,,,,98,,,,99,,,,97,,81,,,80,,,83,,,,,,,,,,,,,88,,,,,,,
25-00003,Female,20,BSCS,2022,2.32,72.41,79.22,87.17,No,No,72.1,82.9,Employable,,,,98,,82,,,,,,,71,,,74,,71,,,,,,,,,,,,,,,,,91,,,,,,,,
25-00004,Female,23,BSBA-Entrepreneurship,2019,2.67,85.58,100,80.42,Yes,No,90.9,71,Not Employable,,,,,,,,,,87,,88,,100,,,,,70,,,,,,,,,,,,,98,,,,,,,,,,,
25-00005,Male,21,BSEd-Filipino,2019,3.09,90.04,73.83,86.21,Yes,No,91.8,67.3,Not Employable,,,84,,74,,,82,,,,,,,,,,,,,,98,,,,71,,,,,,,,,,,,,,,,,
25-00006,Male,23,BSIT,2018,1.02,85.21,78.06,81.89,No,No,87.3,80.5,Employable,,,,,,,92,,,,71,,,,90,,93,,,71,,,100,,,,,,,,,,,,,86,,,,,,,
25-00007,Female,23,BSIT,2019,1.66,92.82,89.47,92,No,No,92.3,82.6,Employable,,,,,,,100,,,,92,,,,74,,90,,,73,,,74,,,,,,,,,,,,,71,,,,,,,
25-00008,Male,20,BSCS,2021,2.19,82.13,73.95,85.77,No,No,76.6,68,Employable,,,,77,,89,,,,,,,94,,,82,,94,,,,,,,,,,,,,,,,,92,,,,,,,,
25-00009,Female,22,BSCS,2021,1.32,80.26,77.83,75.33,No,Yes,78.4,75.1,Employable,,,,91,,77,,,,,,,88,,,75,,79,,,,,,,,,,,,,,,,,70,,,,,,,,
25-00010,Female,20,BSCS,2020,2.89,77.88,73.84,100,No,No,76.9,79.9,Not Employable,,,,84,,94,,,,,,,95,,,96,,89,,,,,,,,,,,,,,,,,83,,,,,,,,
25-00011,Male,21,BSEd-Filipino,2021,2.23,83.65,86.46,90.19,Yes,Yes,70.3,88.4,Employable,,,88,,70,,,82,,,,,,,,,,,,,,76,,,,91,,,,,,,,,,,,,,,,,
25-00012,Male,24,BSIT,2018,1.63,92.14,82.05,82.48,No,Yes,84.6,80.8,Employable,,,,,,,91,,,,79,,,,96,,92,,,83,,,93,,,,,,,,,,,,,100,,,,,,,
25-00013,Male,21,BSBA-Entrepreneurship,2019,1.15,76.56,91.52,80.18,No,Yes,69.8,85,Employable,,,,,,,,,,97,,88,,77,,,,,93,,,,,,,,,,,,,85,,,,,,,,,,,
25-00014,Female,20,BSA,2019,1.62,81.01,96.22,95.69,No,No,86.3,86.1,Employable,95,80,,,,,,,90,,,,,,,,,,,,73,,,,,,,,,,70,,,,,,,,,,,,
25-00015,Female,23,BSIT,2022,2.47,82.71,82.06,82.95,No,Yes,77.7,69.8,Employable,,,,,,,84,,,,92,,,,81,,73,,,79,,,99,,,,,,,,,,,,,84,,,,,,,
25-00016,Male,23,BSBA-Entrepreneurship,2023,1.28,73.66,92.84,87.49,No,No,78.5,72.6,Employable,,,,,,,,,,75,,88,,79,,,,,82,,,,,,,,,,,,,70,,,,,,,,,,,
25-00017,Female,21,BSA,2019,1.07,93.8,78.15,79.64,Yes,No,96.4,85.7,Employable,95,98,,,,,,,71,,,,,,,,,,,,82,,,,,,,,,,82,,,,,,,,,,,,
25-00018,Female,22,BSEd-English,2023,2.45,77.32,77.94,84.96,No,No,91.9,86.9,Employable,,,73,,81,,,82,,,,,,,,,,,,,,82,,,94,,,,,,,,,,,,,,,,,,
25-00019,Male,21,BSCS,2020,1.6,83.78,98.98,82.98,No,Yes,82.9,88.3,Employable,,,,94,,82,,,,,,,95,,,76,,82,,,,,,,,,,,,,,,,,74,,,,,,,,
25-00020,Male,23,BSIT,2019,2.46,81.06,89.95,98.06,No,No,95.2,94.4,Employable,,,,,,,78,,,,100,,,,77,,96,,,98,,,70,,,,,,,,,,,,,77,,,,,,,
25-00021,Male,23,BSCS,2019,2.65,89.64,81.39,86.97,No,No,77.6,92.9,Not Employable,,,,89,,78,,,,,,,98,,,81,,79,,,,,,,,,,,,,,,,,73,,,,,,,,
25-00022,Female,21,BSA,2022,2.33,84.07,85.43,87.25,No,No,88,73.2,Employable,90,100,,,,,,,72,,,,,,,,,,,,95,,,,,,,,,,94,,,,,,,,,,,,
25-00023,Male,21,BSBA-Marketing,2019,4.18,87.35,79.59,79.97,Yes,No,76.9,89.4,Not Employable,,,,,,,,,,86,,88,,87,,,,,85,,,,,,,,,,,,,,76,97,,,,,,,,,
25-00024,Female,22,BSIT,2019,3.02,85.4,84.52,84.42,Yes,No,64.9,81.8,Not Employable,,,,,,,82,,,,97,,,,81,,71,,,74,,,88,,,,,,,,,,,,,81,,,,,,,
25-00025,Male,24,BSBA-Marketing,2024,1.79,86.86,86.76,80.21,Yes,No,78.4,84.8,Employable,,,,,,,,,,86,,88,,89,,,,,75,,,,,,,,,,,,,,79,99,,,,,,,,,
25-00026,Female,22,BSIT,2018,3.9,80.68,92.04,91.03,No,Yes,91.4,66.5,Not Employable,,,,,,,86,,,,77,,,,84,,86,,,95,,,72,,,,,,,,,,,,,100,,,,,,,
25-00027,Female,21,BSCS,2023,4.17,93.76,79.65,80.95,No,Yes,75.9,73.6,Not Employable,,,,85,,77,,,,,,,92,,,87,,73,,,,,,,,,,,,,,,,,70,,,,,,,,
25-00028,Female,21,BSIT,2018,4.68,79.14,84.47,78.27,No,No,79.9,94.9,Not Employable,,,,,,,90,,,,98,,,,76,,91,,,82,,,92,,,,,,,,,,,,,91,,,,,,,
25-00029,Male,23,BSEd-English,2024,3.25,100,86.29,88.78,Yes,No,94.1,83.9,Not Employable,,,95,,80,,,82,,,,,,,,,,,,,,97,,,90,,,,,,,,,,,,,,,,,,
25-00030,Female,23,BSIT,2018,2.88,81.03,88.21,81.01,No,No,82.3,71.9,Not Employable,,,,,,,91,,,,88,,,,75,,78,,,74,,,84,,,,,,,,,,,,,88,,,,,,,
25-00031,Male,21,BSCS,2021,2.72,92.05,87.95,84.67,No,Yes,78.5,69.6,Not Employable,,,,83,,74,,,,,,,74,,,87,,94,,,,,,,,,,,,,,,,,95,,,,,,,,
25-00032,Female,21,BSBA-Marketing,2018,1.75,78.12,91.23,82.6,Yes,No,77.8,82.6,Employable,,,,,,,,,,86,,88,,74,,,,,91,,,,,,,,,,,,,,71,100,,,,,,,,,
25-00033,Male,23,BSIT,2024,2.36,82.6,85.35,79.34,No,No,77.2,72.1,Employable,,,,,,,81,,,,71,,,,72,,81,,,71,,,100,,,,,,,,,,,,,74,,,,,,,
25-00034,Male,20,BSCS,2024,1.92,72.14,88.68,78.6,Yes,Yes,60,68.6,Employable,,,,93,,96,,,,,,,91,,,75,,77,,,,,,,,,,,,,,,,,95,,,,,,,,
25-00035,Female,21,BSA,2020,4.95,80.03,83.28,88.05,No,No,79.5,81.5,Not Employable,85,79,,,,,,,82,,,,,,,,,,,,80,,,,,,,,,,96,,,,,,,,,,,,
25-00036,Male,21,BSIT,2022,3.31,94.43,89.59,88.94,No,No,81.2,76.4,Not Employable,,,,,,,78,,,,74,,,,92,,86,,,87,,,91,,,,,,,,,,,,,74,,,,,,,
25-00037,Female,21,BSIT,2023,3.22,86.01,93.79,74.81,No,Yes,80.3,92.5,Not Employable,,,,,,,81,,,,77,,,,88,,98,,,97,,,83,,,,,,,,,,,,,78,,,,,,,
25-00038,Female,19,BSIT,2024,2.27,87.65,83.14,79.23,No,No,77.4,78.2,Employable,,,,,,,81,,,,74,,,,74,,73,,,91,,,96,,,,,,,,,,,,,100,,,,,,,
25-00039,Female,19,BSCS,2024,4.37,95.08,81.4,86.76,Yes,No,66.6,92.9,Not Employable,,,,98,,80,,,,,,,93,,,94,,80,,,,,,,,,,,,,,,,,90,,,,,,,,
25-00040,Male,20,BSCS,2021,1.23,92.18,88.9,89.28,Yes,Yes,81.6,87.7,Employable,,,,94,,99,,,,,,,90,,,78,,78,,,,,,,,,,,,,,,,,88,,,,,,,,
25-00041,Female,21,BSBA-Marketing,2023,1.93,79.66,78.91,84.61,Yes,No,73.5,84.8,Employable,,,,,,,,,,86,,88,,70,,,,,93,,,,,,,,,,,,,,95,78,,,,,,,,,
25-00042,Female,22,BSIT,2024,2.96,89.66,84.18,84.37,No,Yes,89.3,71.8,Not Employable,,,,,,,93,,,,76,,,,100,,86,,,79,,,75,,,,,,,,,,,,,94,,,,,,,
25-00043,Female,20,BSIT,2018,3.25,79.18,73.11,89.5,No,No,82.8,65.4,Not Employable,,,,,,,92,,,,85,,,,85,,76,,,83,,,77,,,,,,,,,,,,,72,,,,,,,
25-00044,Female,21,BSEd-Filipino,2018,2.11,84.24,81.38,90.64,No,No,69.6,84.5,Employable,,,84,,98,,,82,,,,,,,,,,,,,,71,,,,72,,,,,,,,,,,,,,,,,
25-00045,Female,21,BSEd-Filipino,2019,2.71,93.32,86.67,81.92,No,Yes,79.8,74.6,Not Employable,,,82,,83,,,82,,,,,,,,,,,,,,93,,,,79,,,,,,,,,,,,,,,,,
25-00046,Female,22,BSCS,2023,4.47,81.09,90.23,84.36,No,No,83.8,75.7,Not Employable,,,,74,,80,,,,,,,90,,,95,,71,,,,,,,,,,,,,,,,,93,,,,,,,,
25-00047,Female,23,BSA,2023,3.25,85.57,84.8,88.98,No,No,79.1,80.3,Not Employable,99,92,,,,,,,74,,,,,,,,,,,,73,,,,,,,,,,74,,,,,,,,,,,,
25-00048,Female,20,BSCS,2024,2.4,88.47,78.3,85.36,No,No,83.6,81.5,Employable,,,,73,,82,,,,,,,83,,,73,,91,,,,,,,,,,,,,,,,,99,,,,,,,,
25-00049,Female,22,BSBA-Entrepreneurship,2022,2.02,84.24,88.83,87.7,Yes,Yes,83.5,85.6,Employable,,,,,,,,,,90,,88,,80,,,,,70,,,,,,,,,,,,,83,,,,,,,,,,,
25-00050,Male,22,BSA,2022,2.11,78.48,83.51,87.38,No,No,84,81.4,Employable,90,92,,,,,,,81,,,,,,,,,,,,70,,,,,,,,,,80,,,,,,,,,,,,
25-00051,Female,21,BSA,2024,3.06,85.95,91.15,74.13,No,No,79.8,91.2,Not Employable,92,70,,,,,,,81,,,,,,,,,,,,75,,,,,,,,,,88,,,,,,,,,,,,
25-00052,Female,22,BSIT,2024,1.74,82.49,87.48,77.88,No,Yes,73.2,75.3,Employable,,,,,,,93,,,,79,,,,80,,95,,,77,,,87,,,,,,,,,,,,,92,,,,,,,
25-00053,Male,21,BSA,2021,1.34,89.04,81.2,77.94,No,Yes,83.7,74.6,Employable,73,80,,,,,,,80,,,,,,,,,,,,93,,,,,,,,,,81,,,,,,,,,,,,
25-00054,Male,20,BSIT,2022,2.62,86.28,92.06,84.29,Yes,Yes,66.4,85.1,Not Employable,,,,,,,91,,,,90,,,,99,,72,,,72,,,81,,,,,,,,,,,,,79,,,,,,,
25-00055,Male,22,BSCS,2019,1.92,84.97,88.81,88.25,No,No,78.6,75.6,Employable,,,,80,,90,,,,,,,89,,,89,,75,,,,,,,,,,,,,,,,,84,,,,,,,,
25-00056,Male,19,BSIT,2022,2,80.04,87.27,86.93,No,No,85.3,84.7,Employable,,,,,,,89,,,,75,,,,84,,96,,,99,,,81,,,,,,,,,,,,,100,,,,,,,
25-00057,Female,21,BSEd-English,2019,2.75,90.27,85.67,87.03,No,No,93.3,88.6,Not Employable,,,90,,98,,,82,,,,,,,,,,,,,,93,,,100,,,,,,,,,,,,,,,,,,
25-00058,Female,23,BSIT,2018,3.31,81.35,81.71,92.26,No,No,81,72.7,Not Employable,,,,,,,86,,,,84,,,,83,,75,,,83,,,89,,,,,,,,,,,,,87,,,,,,,
25-00059,Male,20,BSIT,2020,2.9,84.65,88.55,88.21,Yes,No,65.4,76.9,Not Employable,,,,,,,74,,,,81,,,,77,,95,,,95,,,73,,,,,,,,,,,,,88,,,,,,,
25-00060,Male,21,BSCS,2022,2.39,88.28,83.86,82.95,No,No,84.8,75.8,Employable,,,,98,,77,,,,,,,79,,,95,,92,,,,,,,,,,,,,,,,,73,,,,,,,,
25-00061,Male,21,BSCS,2021,2.94,84.57,70.16,90.4,No,No,74.1,77.6,Not Employable,,,,78,,71,,,,,,,92,,,100,,85,,,,,,,,,,,,,,,,,89,,,,,,,,
25-00062,Female,21,BSBA-Entrepreneurship,2024,1.63,78.81,98.04,86.24,No,No,88.6,82.6,Employable,,,,,,,,,,82,,88,,86,,,,,80,,,,,,,,,,,,,99,,,,,,,,,,,
25-00063,Female,23,BSCS,2024,2.26,88.86,86.7,90.35,No,No,73.2,83.9,Employable,,,,88,,93,,,,,,,73,,,81,,92,,,,,,,,,,,,,,,,,90,,,,,,,,
25-00064,Male,22,BSCS,2023,2.08,86.07,81.49,90.04,No,No,85.4,70.4,Employable,,,,70,,100,,,,,,,93,,,100,,79,,,,,,,,,,,,,,,,,91,,,,,,,,
25-00065,Male,22,BSIT,2018,1.84,89.04,85.57,89.75,No,No,90.4,91.9,Employable,,,,,,,88,,,,84,,,,81,,83,,,87,,,76,,,,,,,,,,,,,74,,,,,,,
25-00066,Female,23,BSIT,2022,3.16,83.75,82.94,84.75,Yes,No,80.3,90,Not Employable,,,,,,,93,,,,76,,,,98,,95,,,97,,,73,,,,,,,,,,,,,79,,,,,,,
25-00067,Male,22,BSA,2023,1.8,81.94,85.9,81.89,No,Yes,83.3,63.3,Employable,96,70,,,,,,,95,,,,,,,,,,,,77,,,,,,,,,,77,,,,,,,,,,,,
25-00068,Female,23,BSIT,2021,2.11,86.85,91.28,89.58,No,No,94.7,66.5,Employable,,,,,,,93,,,,83,,,,92,,84,,,99,,,80,,,,,,,,,,,,,100,,,,,,,
25-00069,Female,21,BSBA-Entrepreneurship,2023,2.49,85.87,84.37,83.33,Yes,No,65.7,71.5,Employable,,,,,,,,,,82,,88,,79,,,,,100,,,,,,,,,,,,,79,,,,,,,,,,,
25-00070,Female,20,BSBA-Entrepreneurship,2024,1.9,84.97,70,74.82,Yes,No,77,67.3,Employable,,,,,,,,,,81,,88,,99,,,,,79,,,,,,,,,,,,,96,,,,,,,,,,,
25-00071,Female,23,BSEd-Filipino,2021,1.63,76.57,89.16,87.93,No,Yes,82.7,90.1,Employable,,,94,,100,,,82,,,,,,,,,,,,,,70,,,,99,,,,,,,,,,,,,,,,,
25-00072,Male,24,BSIT,2018,2.64,91.67,87.47,75.76,Yes,Yes,83.3,83.7,Not Employable,,,,,,,89,,,,82,,,,78,,76,,,77,,,97,,,,,,,,,,,,,79,,,,,,,
25-00073,Male,23,BSIT,2018,2.24,81.53,78.63,74.45,No,Yes,82.7,83.4,Employable,,,,,,,96,,,,70,,,,94,,86,,,73,,,99,,,,,,,,,,,,,75,,,,,,,
25-00074,Female,21,BSIT,2018,2.45,88.79,85.91,88.65,No,Yes,84.1,81.6,Employable,,,,,,,100,,,,80,,,,99,,77,,,84,,,76,,,,,,,,,,,,,90,,,,,,,
25-00075,Female,23,BSEd-English,2019,2.02,76.61,86.78,90.78,No,No,82.5,84.4,Employable,,,83,,83,,,82,,,,,,,,,,,,,,77,,,98,,,,,,,,,,,,,,,,,,
25-00076,Female,21,BSBA-Marketing,2021,1.47,77.65,91.95,80.97,No,No,88.7,99.9,Employable,,,,,,,,,,86,,88,,98,,,,,76,,,,,,,,,,,,,,79,72,,,,,,,,,
25-00077,Female,21,BSBA-Marketing,2019,2.83,73.72,86.54,91.81,No,No,65.9,88.9,Not Employable,,,,,,,,,,86,,88,,74,,,,,96,,,,,,,,,,,,,,85,83,,,,,,,,,
25-00078,Male,19,BSA,2022,2.75,84.38,84.89,88.2,No,Yes,76.2,74.2,Not Employable,89,85,,,,,,,87,,,,,,,,,,,,79,,,,,,,,,,78,,,,,,,,,,,,
25-00079,Male,20,BSA,2022,2.74,86.02,100,90.13,Yes,No,86.2,74,Not Employable,90,84,,,,,,,78,,,,,,,,,,,,86,,,,,,,,,,91,,,,,,,,,,,,
25-00080,Male,19,BSCS,2023,1.61,87.12,83.63,88.79,No,No,65.9,81.8,Employable,,,,81,,75,,,,,,,96,,,70,,81,,,,,,,,,,,,,,,,,75,,,,,,,,
25-00081,Male,21,BSIT,2023,3.36,79.68,82.16,84.74,No,Yes,90.5,87.7,Not Employable,,,,,,,83,,,,76,,,,76,,87,,,98,,,84,,,,,,,,,,,,,87,,,,,,,
25-00082,Male,22,BSIT,2022,2.06,77.5,81.51,92.93,No,Yes,79.1,91.8,Employable,,,,,,,71,,,,71,,,,91,,73,,,96,,,97,,,,,,,,,,,,,74,,,,,,,
25-00083,Male,22,BSBA-Entrepreneurship,2024,3.17,80.71,81.6,79.83,No,No,69.7,81.6,Not Employable,,,,,,,,,,86,,88,,83,,,,,86,,,,,,,,,,,,,100,,,,,,,,,,,
25-00084,Male,20,BSIT,2020,2.37,83.55,90.07,80.57,Yes,No,99.1,86.3,Employable,,,,,,,92,,,,74,,,,87,,89,,,94,,,71,,,,,,,,,,,,,100,,,,,,,
25-00085,Male,21,BSIT,2022,1.62,85.01,87.41,76.75,No,Yes,71.9,73.5,Employable,,,,,,,100,,,,73,,,,75,,80,,,89,,,85,,,,,,,,,,,,,78,,,,,,,
25-00086,Female,21,BSIT,2020,3.19,90.83,86.02,87.76,No,No,85.6,70.5,Not Employable,,,,,,,83,,,,83,,,,78,,80,,,96,,,96,,,,,,,,,,,,,95,,,,,,,
25-00087,Female,21,BSIT,2019,2.31,83.67,77.2,79.09,No,No,92.4,74.6,Employable,,,,,,,79,,,,94,,,,91,,95,,,79,,,79,,,,,,,,,,,,,77,,,,,,,
25-00088,Female,21,BSCS,2019,1.2,88.09,86,84.46,Yes,No,62,87.3,Employable,,,,94,,78,,,,,,,93,,,73,,85,,,,,,,,,,,,,,,,,85,,,,,,,,
25-00089,Male,23,BSIT,2024,4.99,97.79,78.28,84.58,No,Yes,69.4,68.8,Not Employable,,,,,,,87,,,,77,,,,74,,98,,,86,,,88,,,,,,,,,,,,,86,,,,,,,
25-00090,Male,21,BSCS,2023,2.44,89.76,90.29,92.83,Yes,No,85.4,86.7,Employable,,,,99,,82,,,,,,,91,,,92,,83,,,,,,,,,,,,,,,,,84,,,,,,,,
25-00091,Female,23,BSCS,2024,1.81,85.3,88.09,89.39,Yes,Yes,75.6,74.6,Employable,,,,90,,80,,,,,,,98,,,87,,81,,,,,,,,,,,,,,,,,90,,,,,,,,
25-00092,Male,21,BSBA-Marketing,2018,2.14,88.58,91.68,72.58,Yes,Yes,96.1,76.5,Employable,,,,,,,,,,86,,88,,70,,,,,78,,,,,,,,,,,,,,81,80,,,,,,,,,
25-00093,Male,22,BSIT,2018,2.64,91.04,88.07,83.05,No,Yes,63.3,75.5,Not Employable,,,,,,,93,,,,73,,,,77,,90,,,86,,,81,,,,,,,,,,,,,70,,,,,,,
25-00094,Male,20,BSIT,2020,3.28,85.25,83.88,90.73,Yes,No,74.6,73.6,Not Employable,,,,,,,85,,,,95,,,,70,,91,,,71,,,94,,,,,,,,,,,,,92,,,,,,,
25-00095,Female,22,BSEd-Filipino,2018,2.06,85.51,89.17,84.31,No,No,75,76.5,Employable,,,70,,72,,,82,,,,,,,,,,,,,,91,,,,90,,,,,,,,,,,,,,,,,
25-00096,Male,19,BSBA-Marketing,2024,2.91,79.46,70,82.21,No,No,74.8,82.7,Not Employable,,,,,,,,,,86,,88,,100,,,,,72,,,,,,,,,,,,,,72,94,,,,,,,,,
25-00097,Female,23,BSEd-Filipino,2022,1.67,87.42,89.81,80.3,No,No,96.6,76,Employable,,,72,,70,,,82,,,,,,,,,,,,,,95,,,,83,,,,,,,,,,,,,,,,,
25-00098,Male,22,BSIT,2023,1.76,84.58,85.74,80.61,No,No,81.5,96.5,Employable,,,,,,,75,,,,77,,,,89,,90,,,72,,,75,,,,,,,,,,,,,91,,,,,,,
25-00099,Male,23,BSA,2018,1.75,86.09,85.89,86.4,No,No,66.2,84.1,Employable,85,88,,,,,,,98,,,,,,,,,,,,88,,,,,,,,,,70,,,,,,,,,,,,
25-00100,Female,21,BSIT,2018,3.02,86.88,85.71,93.18,No,Yes,86.5,68.2,Not Employable,,,,,,,95,,,,77,,,,73,,92,,,88,,,74,,,,,,,,,,,,,75,,,,,,,
25-00101,Female,22,BSCS,2020,2.12,79.92,92.13,75.74,Yes,No,73.7,82.1,Employable,,,,84,,78,,,,,,,94,,,78,,100,,,,,,,,,,,,,,,,,91,,,,,,,,
25-00102,Male,23,BSIT,2020,1.88,92.58,80.65,99.5,No,Yes,82.4,81.5,Employable,,,,,,,88,,,,85,,,,74,,76,,,71,,,82,,,,,,,,,,,,,86,,,,,,,
25-00103,Female,23,BSCS,2021,1.2,77.58,81.05,76.11,No,No,77.3,85.1,Employable,,,,74,,82,,,,,,,100,,,97,,74,,,,,,,,,,,,,,,,,97,,,,,,,,
25-00104,Male,21,BSCS,2024,1.68,87.1,89.47,80.02,No,No,87.5,68.7,Employable,,,,72,,82,,,,,,,76,,,98,,87,,,,,,,,,,,,,,,,,98,,,,,,,,
25-00105,Male,21,BSBA-Entrepreneurship,2018,1.84,95.8,92.16,84.34,No,No,83.7,80.5,Employable,,,,,,,,,,84,,88,,90,,,,,83,,,,,,,,,,,,,70,,,,,,,,,,,
25-00106,Female,23,BSBA-Entrepreneurship,2018,1.64,93.56,89.93,89.56,Yes,No,70.4,76.4,Employable,,,,,,,,,,74,,88,,72,,,,,89,,,,,,,,,,,,,99,,,,,,,,,,,
25-00107,Female,22,BSIT,2019,2.85,81.92,91.59,86.4,Yes,No,83,80.4,Not Employable,,,,,,,94,,,,82,,,,89,,75,,,73,,,87,,,,,,,,,,,,,82,,,,,,,
25-00108,Male,21,BSBA-Marketing,2020,2.43,97.3,85.22,85.61,No,No,79,91.7,Employable,,,,,,,,,,86,,88,,75,,,,,72,,,,,,,,,,,,,,74,82,,,,,,,,,
25-00109,Female,21,BSEd-English,2024,2.97,77.18,83.23,79.56,No,Yes,81.6,72.8,Not Employable,,,88,,91,,,82,,,,,,,,,,,,,,97,,,96,,,,,,,,,,,,,,,,,,
25-00110,Female,21,BSEd-Filipino,2020,2.27,74.81,71.82,86.93,Yes,Yes,93.5,83.4,Employable,,,96,,83,,,82,,,,,,,,,,,,,,93,,,,86,,,,,,,,,,,,,,,,,
25-00111,Female,23,BSEd-Filipino,2020,3.25,92.21,100,87.49,No,No,83.8,81.6,Not Employable,,,84,,83,,,82,,,,,,,,,,,,,,73,,,,73,,,,,,,,,,,,,,,,,
25-00112,Male,20,BSBA-Entrepreneurship,2019,2.36,82.02,93.32,89.05,No,No,88.6,79.6,Employable,,,,,,,,,,75,,88,,85,,,,,88,,,,,,,,,,,,,78,,,,,,,,,,,
25-00113,Male,21,BSBA-Entrepreneurship,2024,2.22,79.19,85.2,86.6,No,No,67.3,68.7,Employable,,,,,,,,,,89,,88,,79,,,,,81,,,,,,,,,,,,,74,,,,,,,,,,,
25-00114,Female,21,BSIT,2019,3.81,85.17,86.52,80.06,No,Yes,78,77.7,Not Employable,,,,,,,84,,,,76,,,,93,,78,,,74,,,76,,,,,,,,,,,,,90,,,,,,,
25-00115,Male,21,BSEd-English,2021,3.15,76.99,88.08,80.2,No,Yes,78.1,89.7,Not Employable,,,98,,76,,,82,,,,,,,,,,,,,,81,,,92,,,,,,,,,,,,,,,,,,
25-00116,Male,22,BSCS,2023,2.08,77.16,85.84,89.19,No,No,68.9,77.9,Employable,,,,74,,99,,,,,,,89,,,94,,78,,,,,,,,,,,,,,,,,86,,,,,,,,
25-00117,Female,21,BSBA-Entrepreneurship,2021,1.99,79.52,81.28,91.23,Yes,Yes,76.8,85.9,Employable,,,,,,,,,,86,,88,,75,,,,,79,,,,,,,,,,,,,100,,,,,,,,,,,
25-00118,Female,23,BSIT,2021,1.33,81.44,88.8,93.1,No,No,79.5,81.2,Employable,,,,,,,99,,,,70,,,,92,,74,,,94,,,96,,,,,,,,,,,,,80,,,,,,,
25-00119,Male,20,BSIT,2018,2.9,87.39,75.81,81.49,No,No,93.7,74.2,Not Employable,,,,,,,79,,,,79,,,,98,,84,,,92,,,83,,,,,,,,,,,,,91,,,,,,,
25-00120,Male,22,BSIT,2021,3.35,82.47,91.31,71.94,No,No,71.7,71.2,Not Employable,,,,,,,95,,,,88,,,,78,,92,,,71,,,71,,,,,,,,,,,,,77,,,,,,,
25-00121,Male,20,BSEd-English,2020,2.84,85.04,79.77,98.43,No,No,84.1,69.9,Not Employable,,,74,,93,,,82,,,,,,,,,,,,,,75,,,81,,,,,,,,,,,,,,,,,,
25-00122,Female,22,BSIT,2019,3.12,88.86,89.8,95.82,No,No,91.2,83.2,Not Employable,,,,,,,76,,,,86,,,,72,,79,,,80,,,89,,,,,,,,,,,,,88,,,,,,,
25-00123,Female,23,BSEd-Filipino,2024,2.12,80,88.41,78.01,Yes,No,77.9,81.7,Employable,,,94,,85,,,82,,,,,,,,,,,,,,93,,,,74,,,,,,,,,,,,,,,,,
25-00124,Male,21,BSIT,2018,1.36,86.93,92.88,90.75,Yes,No,85.8,85.1,Employable,,,,,,,81,,,,97,,,,94,,87,,,95,,,76,,,,,,,,,,,,,90,,,,,,,
25-00125,Male,25,BSEd-Filipino,2021,1.96,78.89,90.28,93.91,No,Yes,88.8,79.4,Employable,,,72,,80,,,82,,,,,,,,,,,,,,77,,,,89,,,,,,,,,,,,,,,,,
25-00126,Female,22,BSCS,2024,3.38,91.28,84.79,86.18,No,No,87.4,86.1,Not Employable,,,,88,,89,,,,,,,88,,,81,,87,,,,,,,,,,,,,,,,,73,,,,,,,,
25-00127,Female,22,BSCS,2021,1.3,83.97,94.73,90.19,No,Yes,73.1,60,Employable,,,,97,,89,,,,,,,78,,,71,,79,,,,,,,,,,,,,,,,,80,,,,,,,,
25-00128,Female,20,BSCS,2024,2.43,78.26,78.94,76.56,No,Yes,97.2,82.5,Employable,,,,81,,86,,,,,,,71,,,98,,97,,,,,,,,,,,,,,,,,94,,,,,,,,
25-00129,Female,23,BSEd-English,2022,2.22,79.71,88.49,79.83,No,No,96.9,88.8,Employable,,,80,,72,,,82,,,,,,,,,,,,,,89,,,76,,,,,,,,,,,,,,,,,,
25-00130,Female,21,BSIT,2022,2.23,76.69,84.92,94.19,Yes,No,71.2,73.9,Employable,,,,,,,86,,,,88,,,,95,,94,,,86,,,91,,,,,,,,,,,,,98,,,,,,,
25-00131,Male,21,BSIT,2024,2.85,90.07,83.52,80.31,Yes,No,80.4,77.6,Not Employable,,,,,,,96,,,,75,,,,93,,87,,,85,,,80,,,,,,,,,,,,,87,,,,,,,
25-00132,Female,22,BSA,2022,2.49,82.31,75.7,80.4,No,Yes,89.6,71.7,Employable,84,94,,,,,,,86,,,,,,,,,,,,97,,,,,,,,,,98,,,,,,,,,,,,
25-00133,Male,21,BSIT,2021,4.43,85.79,83.14,80.43,No,No,74.2,67.5,Not Employable,,,,,,,97,,,,76,,,,98,,74,,,91,,,98,,,,,,,,,,,,,72,,,,,,,
25-00134,Male,21,BSIT,2020,1.11,88.17,80.87,73.38,No,No,80.2,84.4,Employable,,,,,,,74,,,,72,,,,85,,86,,,99,,,77,,,,,,,,,,,,,90,,,,,,,
25-00135,Female,22,BSBA-Marketing,2023,1.76,93.26,87.66,77.6,Yes,No,78.2,65.8,Employable,,,,,,,,,,86,,88,,83,,,,,84,,,,,,,,,,,,,,76,73,,,,,,,,,
25-00136,Male,21,BSCS,2023,2.06,80.34,82.47,95.47,No,No,91.3,85,Employable,,,,76,,92,,,,,,,95,,,95,,76,,,,,,,,,,,,,,,,,81,,,,,,,,
25-00137,Female,19,BSCS,2024,2.38,77.34,79.94,89.31,No,Yes,93.1,79.5,Employable,,,,91,,70,,,,,,,73,,,73,,83,,,,,,,,,,,,,,,,,79,,,,,,,,
25-00138,Female,24,BSCS,2023,2.66,75.16,79.08,82.85,No,No,68.9,80,Not Employable,,,,92,,96,,,,,,,84,,,78,,80,,,,,,,,,,,,,,,,,74,,,,,,,,
25-00139,Female,22,BSEd-Filipino,2019,1.02,87.08,91.33,81.64,No,No,71.7,62.3,Employable,,,91,,88,,,82,,,,,,,,,,,,,,81,,,,81,,,,,,,,,,,,,,,,,
25-00140,Male,22,BSCS,2018,2.33,82.89,86.65,86.57,No,No,77.8,84,Employable,,,,97,,78,,,,,,,76,,,85,,100,,,,,,,,,,,,,,,,,92,,,,,,,,
25-00141,Female,21,BSA,2023,1.95,70,74.48,96.58,No,Yes,78.7,85.8,Employable,77,100,,,,,,,98,,,,,,,,,,,,89,,,,,,,,,,85,,,,,,,,,,,,
25-00142,Female,23,BSBA-Entrepreneurship,2023,2.44,81.94,94.31,90.42,Yes,No,80.9,67.2,Employable,,,,,,,,,,95,,88,,85,,,,,71,,,,,,,,,,,,,79,,,,,,,,,,,
25-00143,Female,22,BSBA-Marketing,2024,1.38,81.83,87.18,89.46,No,No,71.6,66.9,Employable,,,,,,,,,,86,,88,,91,,,,,75,,,,,,,,,,,,,,97,97,,,,,,,,,
25-00144,Male,22,BSCS,2023,2.5,85.28,87.33,80,No,Yes,100,83.1,Employable,,,,78,,93,,,,,,,83,,,100,,94,,,,,,,,,,,,,,,,,78,,,,,,,,
25-00145,Male,20,BSCS,2024,1.95,80.8,90.18,86.33,Yes,No,80.8,79.6,Employable,,,,77,,91,,,,,,,74,,,86,,87,,,,,,,,,,,,,,,,,81,,,,,,,,
25-00146,Female,21,BSIT,2022,2.31,86.16,81.19,80.01,No,Yes,74.2,79.2,Employable,,,,,,,99,,,,82,,,,79,,79,,,83,,,80,,,,,,,,,,,,,80,,,,,,,
25-00147,Female,21,BSCS,2022,2.3,88.84,78.31,80.17,No,Yes,90,76.5,Employable,,,,94,,82,,,,,,,74,,,95,,96,,,,,,,,,,,,,,,,,99,,,,,,,,
25-00148,Male,22,BSCS,2023,2.08,80.46,80.11,81.28,No,No,87.6,65.5,Employable,,,,83,,70,,,,,,,81,,,73,,78,,,,,,,,,,,,,,,,,91,,,,,,,,
25-00149,Female,22,BSIT,2022,1.44,82.94,83.5,89.13,Yes,No,69.7,62,Employable,,,,,,,95,,,,74,,,,87,,83,,,73,,,83,,,,,,,,,,,,,87,,,,,,,
25-00150,Female,20,BSCS,2022,2.99,86.64,73.14,96.11,No,No,73.5,88.8,Not Employable,,,,90,,88,,,,,,,97,,,71,,100,,,,,,,,,,,,,,,,,92,,,,,,,,
25-00151,Male,22,BSIT,2020,1.98,74.15,82.74,76.45,No,Yes,85.1,80.4,Employable,,,,,,,95,,,,78,,,,97,,73,,,77,,,90,,,,,,,,,,,,,89,,,,,,,
25-00152,Female,21,BSIT,2023,1.86,84.27,88.57,92.61,Yes,Yes,96.9,74.7,Employable,,,,,,,72,,,,93,,,,86,,94,,,87,,,80,,,,,,,,,,,,,96,,,,,,,
25-00153,Female,22,BSBA-Marketing,2024,1.72,82.92,79.84,80.49,No,No,76.4,82.6,Employable,,,,,,,,,,86,,88,,78,,,,,90,,,,,,,,,,,,,,75,88,,,,,,,,,
25-00154,Female,22,BSCS,2024,2.08,72.83,87.31,83.31,No,No,71.3,88.1,Employable,,,,99,,80,,,,,,,86,,,92,,84,,,,,,,,,,,,,,,,,88,,,,,,,,
25-00155,Male,20,BSIT,2021,2.1,90.77,86.47,95.45,No,No,89.1,84.6,Employable,,,,,,,80,,,,86,,,,81,,77,,,88,,,99,,,,,,,,,,,,,74,,,,,,,
25-00156,Male,21,BSBA-Entrepreneurship,2018,1.67,86.33,80.18,79.38,No,No,81.3,76.1,Employable,,,,,,,,,,70,,88,,97,,,,,97,,,,,,,,,,,,,90,,,,,,,,,,,
25-00157,Male,20,BSBA-Marketing,2022,2.87,80.52,82.71,86.02,Yes,No,67.7,67.9,Not Employable,,,,,,,,,,86,,88,,89,,,,,99,,,,,,,,,,,,,,96,81,,,,,,,,,
25-00158,Male,21,BSBA-Entrepreneurship,2022,2.01,76.55,74.86,86.62,No,No,79.5,71.1,Employable,,,,,,,,,,93,,88,,89,,,,,70,,,,,,,,,,,,,72,,,,,,,,,,,
25-00159,Female,20,BSIT,2023,1.62,86.15,90.59,89.04,No,No,83.3,82.2,Employable,,,,,,,81,,,,96,,,,80,,97,,,75,,,93,,,,,,,,,,,,,93,,,,,,,
25-00160,Female,21,BSEd-Filipino,2018,2.03,83.36,86.08,85.54,No,No,67.4,69.2,Employable,,,74,,89,,,82,,,,,,,,,,,,,,86,,,,75,,,,,,,,,,,,,,,,,
25-00161,Female,22,BSBA-Marketing,2021,2.2,87.81,84.87,75.62,No,Yes,72.2,77.6,Employable,,,,,,,,,,86,,88,,89,,,,,81,,,,,,,,,,,,,,76,87,,,,,,,,,
25-00162,Female,21,BSEd-English,2022,2.68,79.57,75.76,90.95,Yes,No,66.4,85.3,Not Employable,,,78,,75,,,82,,,,,,,,,,,,,,91,,,74,,,,,,,,,,,,,,,,,,
25-00163,Female,21,BSCS,2019,1.77,79.21,95.35,73.22,No,No,79,83.2,Employable,,,,81,,97,,,,,,,95,,,77,,84,,,,,,,,,,,,,,,,,91,,,,,,,,
25-00164,Female,23,BSEd-Filipino,2019,2.04,74.56,87.62,84.56,No,Yes,79.3,81.3,Employable,,,71,,96,,,82,,,,,,,,,,,,,,98,,,,80,,,,,,,,,,,,,,,,,
25-00165,Female,20,BSEd-English,2018,1.29,89.65,80.45,78.97,Yes,Yes,68.6,97.2,Employable,,,89,,87,,,82,,,,,,,,,,,,,,95,,,85,,,,,,,,,,,,,,,,,,
25-00166,Male,23,BSIT,2023,1.71,87.76,75.69,81.55,No,No,82.4,80.8,Employable,,,,,,,99,,,,75,,,,86,,100,,,80,,,97,,,,,,,,,,,,,82,,,,,,,
25-00167,Male,19,BSIT,2019,2.71,72.01,92.54,82.34,No,No,86.9,70.1,Not Employable,,,,,,,85,,,,98,,,,71,,75,,,98,,,99,,,,,,,,,,,,,74,,,,,,,
25-00168,Female,22,BSCS,2020,1.66,77.27,75.9,89.65,No,No,83.6,81.8,Employable,,,,70,,74,,,,,,,74,,,76,,73,,,,,,,,,,,,,,,,,81,,,,,,,,
25-00169,Female,20,BSIT,2022,3.39,76.52,90,85.13,No,No,80.3,79.5,Not Employable,,,,,,,70,,,,82,,,,71,,86,,,94,,,79,,,,,,,,,,,,,88,,,,,,,
25-00170,Female,20,BSEd-Filipino,2021,1.83,87.71,84.22,85.9,No,No,80.1,87.3,Employable,,,81,,80,,,82,,,,,,,,,,,,,,77,,,,98,,,,,,,,,,,,,,,,,
25-00171,Male,21,BSEd-Filipino,2023,1.95,75.96,81.75,78.46,No,No,83.9,69.1,Employable,,,91,,77,,,82,,,,,,,,,,,,,,94,,,,70,,,,,,,,,,,,,,,,,
25-00172,Female,23,BSIT,2020,1.76,97.07,81.07,90.86,No,Yes,85.2,100,Employable,,,,,,,83,,,,89,,,,98,,80,,,85,,,89,,,,,,,,,,,,,86,,,,,,,
25-00173,Female,20,BSEd-Filipino,2022,2.43,90.08,88.96,76.37,Yes,Yes,83.1,93.4,Employable,,,73,,92,,,82,,,,,,,,,,,,,,83,,,,95,,,,,,,,,,,,,,,,,
25-00174,Male,22,BSBA-Entrepreneurship,2022,4.68,86.88,75.66,72.92,No,Yes,78.3,83.9,Not Employable,,,,,,,,,,79,,88,,70,,,,,98,,,,,,,,,,,,,96,,,,,,,,,,,
25-00175,Male,23,BSIT,2018,2.25,80.35,76.87,88.63,No,Yes,75.6,96.9,Employable,,,,,,,83,,,,100,,,,84,,97,,,100,,,77,,,,,,,,,,,,,80,,,,,,,
25-00176,Female,21,BSCS,2023,4.7,82.99,88.25,78.92,No,Yes,93.2,60.5,Not Employable,,,,87,,74,,,,,,,80,,,70,,71,,,,,,,,,,,,,,,,,86,,,,,,,,
25-00177,Male,20,BSIT,2023,2.03,84.15,80.75,87.57,No,No,95.8,81,Employable,,,,,,,76,,,,99,,,,90,,88,,,76,,,88,,,,,,,,,,,,,94,,,,,,,
25-00178,Female,20,BSIT,2023,1.68,84.63,72.37,87.76,No,No,80.8,73.1,Employable,,,,,,,98,,,,71,,,,72,,88,,,80,,,81,,,,,,,,,,,,,89,,,,,,,
25-00179,Female,20,BSA,2018,3.89,77.55,89.15,98.5,Yes,No,78.8,83.7,Not Employable,77,97,,,,,,,89,,,,,,,,,,,,99,,,,,,,,,,84,,,,,,,,,,,,
25-00180,Male,21,BSCS,2020,2.21,78.93,84.3,85.09,No,Yes,98.6,78.3,Employable,,,,90,,71,,,,,,,88,,,93,,95,,,,,,,,,,,,,,,,,89,,,,,,,,
25-00181,Male,21,BSCS,2024,3.79,100,88.12,87.69,Yes,No,82.5,81.7,Not Employable,,,,78,,81,,,,,,,78,,,95,,94,,,,,,,,,,,,,,,,,87,,,,,,,,
25-00182,Male,21,BSBA-Entrepreneurship,2022,2.35,88.6,86.97,84.25,Yes,No,73.4,71.5,Employable,,,,,,,,,,93,,88,,81,,,,,99,,,,,,,,,,,,,86,,,,,,,,,,,
25-00183,Female,23,BSA,2021,1.89,86.24,77.92,89.85,No,No,84.7,75.9,Employable,93,93,,,,,,,79,,,,,,,,,,,,99,,,,,,,,,,96,,,,,,,,,,,,
25-00184,Female,22,BSCS,2018,1.37,82.44,83.07,82.53,No,Yes,74.6,78.1,Employable,,,,99,,87,,,,,,,82,,,93,,93,,,,,,,,,,,,,,,,,89,,,,,,,,
25-00185,Male,22,BSCS,2022,1.16,82.46,82.14,80.09,Yes,No,81.4,87.9,Employable,,,,85,,82,,,,,,,85,,,79,,92,,,,,,,,,,,,,,,,,76,,,,,,,,
25-00186,Male,23,BSEd-Filipino,2023,1.84,79.32,89.75,96.7,Yes,No,74.5,77,Employable,,,95,,76,,,82,,,,,,,,,,,,,,75,,,,71,,,,,,,,,,,,,,,,,
25-00187,Female,22,BSEd-Filipino,2023,2.84,77.45,95.36,84.82,No,No,63.8,71.5,Not Employable,,,95,,75,,,82,,,,,,,,,,,,,,91,,,,87,,,,,,,,,,,,,,,,,
25-00188,Female,22,BSEd-Filipino,2023,2.04,93.96,73.03,90.72,Yes,No,71.3,77.7,Employable,,,88,,86,,,82,,,,,,,,,,,,,,75,,,,79,,,,,,,,,,,,,,,,,
25-00189,Male,23,BSIT,2018,1.17,86.52,89.09,83.34,Yes,Yes,82.6,75.5,Employable,,,,,,,85,,,,79,,,,88,,71,,,79,,,95,,,,,,,,,,,,,92,,,,,,,
25-00190,Male,21,BSIT,2021,2.67,93.46,83.28,98.65,Yes,No,73.5,81.5,Not Employable,,,,,,,92,,,,72,,,,75,,87,,,90,,,70,,,,,,,,,,,,,75,,,,,,,
25-00191,Female,21,BSCS,2019,1.34,79.96,78.34,79.06,No,No,82.6,88.7,Employable,,,,75,,85,,,,,,,73,,,98,,92,,,,,,,,,,,,,,,,,73,,,,,,,,
25-00192,Female,23,BSIT,2023,1.95,86.95,84.86,86.79,No,No,73,69.8,Employable,,,,,,,73,,,,71,,,,75,,76,,,73,,,100,,,,,,,,,,,,,80,,,,,,,
25-00193,Female,24,BSIT,2023,2.48,84.27,90.4,87.18,No,No,76,79.1,Employable,,,,,,,86,,,,100,,,,73,,78,,,80,,,84,,,,,,,,,,,,,81,,,,,,,
25-00194,Female,22,BSCS,2024,2.09,89.12,83.16,92.11,Yes,Yes,74.1,86.6,Employable,,,,99,,97,,,,,,,89,,,87,,72,,,,,,,,,,,,,,,,,100,,,,,,,,
25-00195,Female,20,BSIT,2021,1.46,85.06,100,88.02,Yes,No,76.2,83.1,Employable,,,,,,,82,,,,85,,,,93,,88,,,91,,,94,,,,,,,,,,,,,92,,,,,,,
25-00196,Male,20,BSEd-Filipino,2019,2.13,77.04,97.56,84.82,Yes,No,90.7,94.7,Employable,,,72,,91,,,82,,,,,,,,,,,,,,73,,,,81,,,,,,,,,,,,,,,,,
25-00197,Female,23,BSEd-Filipino,2019,2.27,89.49,90.74,88.88,No,Yes,75.1,86.8,Employable,,,78,,95,,,82,,,,,,,,,,,,,,79,,,,91,,,,,,,,,,,,,,,,,
25-00198,Male,22,BSCS,2022,2.12,85.23,80.23,88.83,No,No,76.9,75.2,Employable,,,,88,,82,,,,,,,100,,,73,,80,,,,,,,,,,,,,,,,,96,,,,,,,,
25-00199,Male,22,BSBA-Entrepreneurship,2023,3.37,100,87.92,87.76,No,Yes,92,73.5,Not Employable,,,,,,,,,,80,,88,,74,,,,,75,,,,,,,,,,,,,87,,,,,,,,,,,
25-00200,Male,22,BSBA-Entrepreneurship,2024,3.36,92.29,82.86,74.72,No,No,97.3,91.3,Not Employable,,,,,,,,,,85,,88,,91,,,,,77,,,,,,,,,,,,,88,,,,,,,,,,,
25-00201,Female,23,BSIT,2023,2.48,84.77,89.97,75.77,Yes,Yes,84.4,77.5,Employable,,,,,,,95,,,,72,,,,78,,70,,,77,,,86,,,,,,,,,,,,,78,,,,,,,
25-00202,Male,21,BSA,2019,1.67,92.77,79.44,79,Yes,No,74.4,77.2,Employable,95,83,,,,,,,94,,,,,,,,,,,,91,,,,,,,,,,88,,,,,,,,,,,,
25-00203,Female,22,BSIT,2022,3.87,82.25,91.18,93.33,Yes,No,89.2,86.3,Not Employable,,,,,,,78,,,,93,,,,86,,75,,,90,,,79,,,,,,,,,,,,,80,,,,,,,
25-00204,Female,20,BSCS,2024,2.06,86.66,74.57,91.6,No,No,81.3,81.7,Employable,,,,79,,93,,,,,,,78,,,100,,84,,,,,,,,,,,,,,,,,81,,,,,,,,
25-00205,Male,21,BSIT,2023,3.39,86.23,87.53,76.08,No,No,83.4,86.3,Not Employable,,,,,,,70,,,,74,,,,93,,81,,,89,,,74,,,,,,,,,,,,,84,,,,,,,
25-00206,Male,21,BSIT,2021,2.98,87.06,93.38,91.35,Yes,Yes,88.5,76,Not Employable,,,,,,,75,,,,85,,,,93,,90,,,73,,,76,,,,,,,,,,,,,71,,,,,,,
25-00207,Female,22,BSCS,2021,2.09,83.4,98.35,82.34,No,No,90.4,73.7,Employable,,,,85,,96,,,,,,,81,,,100,,92,,,,,,,,,,,,,,,,,79,,,,,,,,
25-00208,Male,21,BSCS,2023,1.16,86.46,80.53,78.76,No,No,85.5,84.6,Employable,,,,86,,81,,,,,,,71,,,90,,100,,,,,,,,,,,,,,,,,83,,,,,,,,
25-00209,Female,19,BSEd-English,2023,2.33,81.98,70,84.93,Yes,No,76.6,72.7,Employable,,,92,,82,,,82,,,,,,,,,,,,,,93,,,78,,,,,,,,,,,,,,,,,,
25-00210,Female,20,BSCS,2019,1.26,82.14,81.99,81.23,No,No,86.7,70,Employable,,,,97,,98,,,,,,,94,,,85,,72,,,,,,,,,,,,,,,,,82,,,,,,,,
25-00211,Female,24,BSCS,2022,2.2,91.8,84.51,86.39,No,No,88.3,79,Employable,,,,98,,73,,,,,,,71,,,87,,71,,,,,,,,,,,,,,,,,93,,,,,,,,
25-00212,Female,21,BSIT,2019,4.57,83.42,86.39,95.56,No,No,85.8,86.4,Not Employable,,,,,,,72,,,,90,,,,77,,98,,,81,,,87,,,,,,,,,,,,,81,,,,,,,
25-00213,Female,20,BSA,2023,1.11,85.76,78.5,88.76,No,No,80.5,74,Employable,95,90,,,,,,,77,,,,,,,,,,,,89,,,,,,,,,,85,,,,,,,,,,,,
25-00214,Female,20,BSBA-Marketing,2021,2.77,80.66,95.48,77.73,Yes,Yes,78.5,84.6,Not Employable,,,,,,,,,,86,,88,,81,,,,,71,,,,,,,,,,,,,,84,72,,,,,,,,,
25-00215,Male,20,BSIT,2023,2.71,89.54,70,91.06,Yes,No,88.1,72,Not Employable,,,,,,,86,,,,79,,,,85,,82,,,80,,,91,,,,,,,,,,,,,83,,,,,,,
25-00216,Male,21,BSBA-Marketing,2021,1.73,85.32,96.17,78.49,No,Yes,75.2,82.5,Employable,,,,,,,,,,86,,88,,98,,,,,80,,,,,,,,,,,,,,100,78,,,,,,,,,
25-00217,Male,21,BSA,2024,1.41,74.62,96.92,84.87,No,No,79.9,70.6,Employable,85,96,,,,,,,85,,,,,,,,,,,,76,,,,,,,,,,72,,,,,,,,,,,,
25-00218,Male,22,BSCS,2018,2.38,73.66,93.84,85.87,No,No,75.3,72.5,Employable,,,,99,,99,,,,,,,92,,,99,,72,,,,,,,,,,,,,,,,,79,,,,,,,,
25-00219,Male,22,BSCS,2023,1.91,83.06,83.52,84.86,No,No,63.1,91.6,Employable,,,,80,,99,,,,,,,91,,,86,,83,,,,,,,,,,,,,,,,,84,,,,,,,,
25-00220,Female,23,BSEd-Filipino,2019,1.8,85.34,79.2,83.35,No,No,72.6,90,Employable,,,80,,92,,,82,,,,,,,,,,,,,,76,,,,81,,,,,,,,,,,,,,,,,
25-00221,Male,22,BSEd-Filipino,2020,1.74,78.96,89.64,77.55,No,No,79.7,76,Employable,,,87,,93,,,82,,,,,,,,,,,,,,97,,,,79,,,,,,,,,,,,,,,,,
25-00222,Male,21,BSA,2019,1.61,80.67,81.91,92.87,Yes,No,69.3,86,Employable,75,88,,,,,,,72,,,,,,,,,,,,80,,,,,,,,,,94,,,,,,,,,,,,
25-00223,Female,22,BSBA-Marketing,2024,3.1,90.2,89.55,92.81,No,No,73.4,79.4,Not Employable,,,,,,,,,,86,,88,,89,,,,,91,,,,,,,,,,,,,,100,79,,,,,,,,,
25-00224,Male,21,BSA,2023,1.85,92.38,86.37,82.51,Yes,No,84,79.4,Employable,78,97,,,,,,,75,,,,,,,,,,,,92,,,,,,,,,,73,,,,,,,,,,,,
25-00225,Female,19,BSA,2020,2.18,85.21,89.13,86.95,No,No,73.7,78.7,Employable,97,75,,,,,,,75,,,,,,,,,,,,95,,,,,,,,,,83,,,,,,,,,,,,
25-00226,Female,22,BSCS,2022,2.49,86.18,74.64,81.8,No,Yes,82.8,88.9,Employable,,,,92,,81,,,,,,,70,,,70,,85,,,,,,,,,,,,,,,,,91,,,,,,,,
25-00227,Female,21,BSIT,2022,2.44,87.34,79.81,86.26,No,No,77.5,87.7,Employable,,,,,,,96,,,,81,,,,94,,92,,,86,,,77,,,,,,,,,,,,,95,,,,,,,
25-00228,Male,20,BSA,2022,2.41,81.69,83.73,82.34,No,No,76.2,80.9,Employable,84,83,,,,,,,86,,,,,,,,,,,,77,,,,,,,,,,75,,,,,,,,,,,,
25-00229,Male,23,BSEd-Filipino,2018,2.45,78.52,82.24,85.89,No,No,75.9,90.2,Employable,,,100,,73,,,82,,,,,,,,,,,,,,92,,,,78,,,,,,,,,,,,,,,,,
25-00230,Male,19,BSCS,2021,3.15,85.39,76.24,84.23,Yes,No,88.5,80.1,Not Employable,,,,84,,85,,,,,,,91,,,88,,93,,,,,,,,,,,,,,,,,72,,,,,,,,
25-00231,Female,22,BSEd-English,2019,1.77,96.71,80.63,88.34,No,No,77.4,74.8,Employable,,,79,,79,,,82,,,,,,,,,,,,,,77,,,84,,,,,,,,,,,,,,,,,,
25-00232,Male,22,BSIT,2023,2.29,87.69,72.92,78.8,No,No,73.1,84.2,Employable,,,,,,,77,,,,94,,,,95,,75,,,98,,,81,,,,,,,,,,,,,73,,,,,,,
25-00233,Female,19,BSEd-English,2020,2.2,81.03,90.14,91.19,No,No,85.9,87.6,Employable,,,83,,70,,,82,,,,,,,,,,,,,,78,,,86,,,,,,,,,,,,,,,,,,
25-00234,Male,22,BSBA-Marketing,2024,1.27,82.1,70,90.52,No,Yes,79,79.6,Employable,,,,,,,,,,86,,88,,81,,,,,90,,,,,,,,,,,,,,86,83,,,,,,,,,
25-00235,Female,20,BSEd-Filipino,2018,1.85,89.26,86.2,84.39,No,Yes,83.9,72.9,Employable,,,82,,94,,,82,,,,,,,,,,,,,,81,,,,86,,,,,,,,,,,,,,,,,
25-00236,Female,19,BSBA-Marketing,2023,1.64,84.87,93.38,75.69,No,No,77.9,76.5,Employable,,,,,,,,,,86,,88,,73,,,,,74,,,,,,,,,,,,,,82,76,,,,,,,,,
25-00237,Male,21,BSA,2022,2.34,87.2,82.48,90.87,Yes,Yes,86.7,90.2,Employable,89,90,,,,,,,92,,,,,,,,,,,,94,,,,,,,,,,92,,,,,,,,,,,,
25-00238,Female,20,BSCS,2019,1.85,85.43,81.75,85.45,Yes,No,69.8,82.1,Employable,,,,83,,92,,,,,,,90,,,83,,80,,,,,,,,,,,,,,,,,80,,,,,,,,
25-00239,Male,20,BSIT,2022,2.45,83.25,90.25,77.05,No,Yes,80,77.8,Employable,,,,,,,94,,,,87,,,,99,,73,,,73,,,80,,,,,,,,,,,,,94,,,,,,,
25-00240,Female,21,BSA,2024,2.29,83.96,87.06,70,No,No,86.6,80.1,Employable,97,94,,,,,,,86,,,,,,,,,,,,95,,,,,,,,,,93,,,,,,,,,,,,
25-00241,Female,20,BSBA-Marketing,2019,2.45,75.05,84.58,87.76,No,No,65,77,Employable,,,,,,,,,,86,,88,,96,,,,,97,,,,,,,,,,,,,,90,78,,,,,,,,,
25-00242,Male,22,BSBA-Entrepreneurship,2019,3.1,74.59,92.26,71.57,No,No,70,82.3,Not Employable,,,,,,,,,,75,,88,,82,,,,,88,,,,,,,,,,,,,78,,,,,,,,,,,
25-00243,Female,23,BSIT,2024,2.31,100,85.86,94.71,No,Yes,87.6,66.6,Employable,,,,,,,77,,,,75,,,,99,,83,,,81,,,87,,,,,,,,,,,,,73,,,,,,,
25-00244,Female,22,BSA,2023,1.19,84.64,79.2,90.29,Yes,Yes,87.8,84.1,Employable,85,73,,,,,,,94,,,,,,,,,,,,79,,,,,,,,,,80,,,,,,,,,,,,
25-00245,Female,21,BSCS,2020,2.7,77.35,87.45,84,Yes,No,76.3,90.7,Not Employable,,,,85,,98,,,,,,,73,,,79,,94,,,,,,,,,,,,,,,,,81,,,,,,,,
25-00246,Male,24,BSIT,2021,1.64,87.11,89.48,82.36,Yes,Yes,84.6,65.5,Employable,,,,,,,83,,,,95,,,,95,,79,,,100,,,99,,,,,,,,,,,,,96,,,,,,,
25-00247,Female,23,BSIT,2021,1.67,82.47,92.31,90.09,Yes,No,65.3,92,Employable,,,,,,,71,,,,76,,,,85,,94,,,73,,,95,,,,,,,,,,,,,89,,,,,,,
25-00248,Female,21,BSEd-Filipino,2020,1.81,85.69,87.27,78.71,Yes,No,72.1,81.6,Employable,,,78,,78,,,82,,,,,,,,,,,,,,83,,,,89,,,,,,,,,,,,,,,,,
25-00249,Male,23,BSEd-English,2020,1.79,86.58,94.92,86.79,Yes,No,83.5,71.8,Employable,,,86,,70,,,82,,,,,,,,,,,,,,71,,,88,,,,,,,,,,,,,,,,,,
25-00250,Male,20,BSEd-English,2024,2.34,90.27,80.07,87.8,No,No,71.5,80.6,Employable,,,74,,84,,,82,,,,,,,,,,,,,,85,,,79,,,,,,,,,,,,,,,,,,
25-00251,Male,21,BSCS,2024,2.48,82.28,86.38,85.79,No,No,84.6,85,Employable,,,,100,,81,,,,,,,93,,,98,,82,,,,,,,,,,,,,,,,,89,,,,,,,,
25-00252,Female,23,BSIT,2024,1.67,100,88.55,92.64,No,Yes,64.3,82.3,Employable,,,,,,,97,,,,94,,,,78,,92,,,85,,,87,,,,,,,,,,,,,97,,,,,,,
25-00253,Female,21,BSIT,2020,1.31,84.13,83.48,76.04,Yes,No,70.7,64.8,Employable,,,,,,,87,,,,73,,,,71,,84,,,86,,,80,,,,,,,,,,,,,70,,,,,,,
25-00254,Male,21,BSCS,2020,2.02,77.15,87.74,85,No,No,81.1,72,Employable,,,,71,,85,,,,,,,87,,,85,,81,,,,,,,,,,,,,,,,,90,,,,,,,,
25-00255,Female,20,BSBA-Entrepreneurship,2021,3.4,78.74,83.03,80.25,No,Yes,80.5,64.2,Not Employable,,,,,,,,,,79,,88,,78,,,,,74,,,,,,,,,,,,,82,,,,,,,,,,,
25-00256,Male,19,BSCS,2019,2,82.62,90.61,90.36,No,No,69.2,83,Employable,,,,77,,86,,,,,,,83,,,86,,79,,,,,,,,,,,,,,,,,72,,,,,,,,
25-00257,Male,21,BSIT,2023,2.18,82.55,90.2,90.04,No,No,90.7,76.2,Employable,,,,,,,76,,,,88,,,,93,,80,,,79,,,92,,,,,,,,,,,,,72,,,,,,,
25-00258,Female,23,BSCS,2021,1.69,79.45,90.51,94.84,No,No,76.3,73.1,Employable,,,,99,,100,,,,,,,78,,,89,,74,,,,,,,,,,,,,,,,,76,,,,,,,,
25-00259,Male,22,BSA,2018,1.35,85.42,90.39,87.04,Yes,Yes,100,68.5,Employable,99,70,,,,,,,98,,,,,,,,,,,,74,,,,,,,,,,76,,,,,,,,,,,,
25-00260,Female,22,BSCS,2019,2.29,82.97,90.63,86.15,No,Yes,65.7,84.9,Employable,,,,98,,96,,,,,,,95,,,74,,100,,,,,,,,,,,,,,,,,81,,,,,,,,
25-00261,Female,21,BSIT,2020,2.2,89.78,70,85.59,No,Yes,74.6,74.3,Employable,,,,,,,90,,,,80,,,,94,,97,,,70,,,74,,,,,,,,,,,,,71,,,,,,,
25-00262,Female,23,BSEd-English,2021,1.75,77.45,78.28,99.9,No,Yes,78.3,77.7,Employable,,,77,,82,,,82,,,,,,,,,,,,,,87,,,84,,,,,,,,,,,,,,,,,,
25-00263,Female,22,BSCS,2021,3.37,80.98,89.02,78.98,No,Yes,78.4,68.3,Not Employable,,,,88,,81,,,,,,,80,,,87,,80,,,,,,,,,,,,,,,,,77,,,,,,,,
25-00264,Male,21,BSIT,2024,1.29,84.22,89.91,91.45,No,Yes,84,86.9,Employable,,,,,,,81,,,,72,,,,99,,95,,,82,,,81,,,,,,,,,,,,,83,,,,,,,
25-00265,Male,20,BSCS,2020,1.67,92.16,93,71.75,Yes,No,74.4,73.2,Employable,,,,70,,98,,,,,,,83,,,94,,96,,,,,,,,,,,,,,,,,73,,,,,,,,
25-00266,Male,21,BSIT,2020,2.05,75.66,88.12,75.44,Yes,No,60,64.7,Employable,,,,,,,78,,,,93,,,,74,,86,,,85,,,82,,,,,,,,,,,,,80,,,,,,,
25-00267,Male,21,BSBA-Entrepreneurship,2021,2.48,76.95,89.32,79.95,Yes,No,79.1,94.2,Employable,,,,,,,,,,74,,88,,92,,,,,87,,,,,,,,,,,,,72,,,,,,,,,,,
25-00268,Male,22,BSCS,2022,1.77,87.13,93.49,90.16,No,No,82.3,67.8,Employable,,,,82,,84,,,,,,,71,,,87,,73,,,,,,,,,,,,,,,,,94,,,,,,,,
25-00269,Female,23,BSIT,2022,1.44,94.4,75.29,75.7,No,No,77,75.1,Employable,,,,,,,82,,,,97,,,,76,,91,,,97,,,87,,,,,,,,,,,,,91,,,,,,,
25-00270,Male,22,BSIT,2018,3.13,86.79,78.14,91.59,No,No,73.6,75.1,Not Employable,,,,,,,92,,,,78,,,,81,,86,,,94,,,99,,,,,,,,,,,,,84,,,,,,,
25-00271,Female,22,BSBA-Marketing,2019,2.61,93.83,87.81,90.27,Yes,No,64.9,72.4,Not Employable,,,,,,,,,,86,,88,,77,,,,,74,,,,,,,,,,,,,,76,95,,,,,,,,,
25-00272,Female,20,BSCS,2020,1.11,87.78,83.24,81,Yes,No,84.3,83.2,Employable,,,,71,,87,,,,,,,94,,,73,,97,,,,,,,,,,,,,,,,,99,,,,,,,,
25-00273,Male,22,BSA,2024,1.3,90.19,90.89,73.96,No,No,82.4,80.7,Employable,100,95,,,,,,,98,,,,,,,,,,,,83,,,,,,,,,,96,,,,,,,,,,,,
25-00274,Male,19,BSIT,2018,3.03,82.13,70.27,89.51,No,No,95.1,95,Not Employable,,,,,,,96,,,,73,,,,78,,72,,,83,,,81,,,,,,,,,,,,,100,,,,,,,
25-00275,Male,24,BSIT,2021,1.12,84.14,84.08,79.43,No,No,88,83.4,Employable,,,,,,,99,,,,85,,,,78,,85,,,79,,,71,,,,,,,,,,,,,76,,,,,,,
25-00276,Female,21,BSIT,2023,2.33,91.54,91.98,80.77,No,No,67.9,65.2,Employable,,,,,,,76,,,,89,,,,81,,83,,,87,,,78,,,,,,,,,,,,,78,,,,,,,
25-00277,Female,23,BSIT,2020,2.62,80.5,91.48,91.18,No,Yes,91.4,84.4,Not Employable,,,,,,,99,,,,94,,,,73,,82,,,92,,,91,,,,,,,,,,,,,77,,,,,,,
25-00278,Male,22,BSBA-Entrepreneurship,2022,3.39,81.76,88.36,93.17,No,No,82.4,72.8,Not Employable,,,,,,,,,,70,,88,,99,,,,,93,,,,,,,,,,,,,97,,,,,,,,,,,
25-00279,Female,20,BSCS,2023,3.35,82.88,76.51,90.75,Yes,No,85.3,80.5,Not Employable,,,,85,,80,,,,,,,89,,,77,,74,,,,,,,,,,,,,,,,,74,,,,,,,,
25-00280,Female,22,BSIT,2020,1.92,79.04,83.94,93.16,Yes,No,78,80.8,Employable,,,,,,,76,,,,79,,,,70,,76,,,72,,,90,,,,,,,,,,,,,95,,,,,,,
25-00281,Male,22,BSIT,2024,4.96,90.08,85.06,81.29,No,No,75.5,83.3,Not Employable,,,,,,,99,,,,94,,,,83,,96,,,99,,,80,,,,,,,,,,,,,94,,,,,,,
25-00282,Male,22,BSEd-English,2024,3.05,84.87,78.51,77.11,No,Yes,74,81.6,Not Employable,,,75,,86,,,82,,,,,,,,,,,,,,87,,,82,,,,,,,,,,,,,,,,,,
25-00283,Male,23,BSCS,2019,1.99,75.03,79.73,73.12,No,Yes,67.5,70.8,Employable,,,,100,,88,,,,,,,73,,,93,,75,,,,,,,,,,,,,,,,,87,,,,,,,,
25-00284,Female,20,BSEd-Filipino,2020,1.43,90.63,85.74,84.23,No,Yes,92.3,82.6,Employable,,,92,,99,,,82,,,,,,,,,,,,,,71,,,,97,,,,,,,,,,,,,,,,,
25-00285,Male,21,BSCS,2020,1.95,85.23,80.23,95.85,No,Yes,77.5,86.4,Employable,,,,100,,94,,,,,,,100,,,93,,73,,,,,,,,,,,,,,,,,76,,,,,,,,
25-00286,Female,20,BSCS,2023,2.93,86.39,94.18,78.03,No,No,78.8,73.9,Not Employable,,,,86,,86,,,,,,,90,,,93,,88,,,,,,,,,,,,,,,,,81,,,,,,,,
25-00287,Female,21,BSBA-Entrepreneurship,2020,2.39,78.25,70,88.52,No,Yes,75.2,87.9,Employable,,,,,,,,,,92,,88,,88,,,,,100,,,,,,,,,,,,,82,,,,,,,,,,,
25-00288,Female,19,BSIT,2023,2.73,95.96,91.83,92.96,No,Yes,60,91.6,Not Employable,,,,,,,83,,,,75,,,,89,,96,,,84,,,73,,,,,,,,,,,,,70,,,,,,,
25-00289,Female,23,BSA,2021,4.97,79.04,80.22,89.81,No,No,92.1,69.4,Not Employable,80,71,,,,,,,85,,,,,,,,,,,,71,,,,,,,,,,83,,,,,,,,,,,,
25-00290,Male,22,BSCS,2018,4.12,77.17,81.45,90.93,No,No,86.1,74.6,Not Employable,,,,83,,70,,,,,,,80,,,74,,99,,,,,,,,,,,,,,,,,98,,,,,,,,
25-00291,Female,22,BSBA-Marketing,2018,1.92,86.15,77.31,85.81,No,No,75.2,83.1,Employable,,,,,,,,,,86,,88,,75,,,,,89,,,,,,,,,,,,,,81,87,,,,,,,,,
25-00292,Female,20,BSBA-Marketing,2022,1.09,90.57,81.43,89.16,No,No,80.1,75.4,Employable,,,,,,,,,,86,,88,,89,,,,,73,,,,,,,,,,,,,,85,88,,,,,,,,,
25-00293,Male,22,BSIT,2021,2.06,83.17,92.25,82.82,No,Yes,83.5,71.3,Employable,,,,,,,72,,,,78,,,,100,,73,,,93,,,71,,,,,,,,,,,,,76,,,,,,,
25-00294,Female,19,BSBA-Marketing,2021,2.35,90.82,97.08,81.71,No,Yes,80.3,87.1,Employable,,,,,,,,,,86,,88,,77,,,,,87,,,,,,,,,,,,,,71,80,,,,,,,,,
25-00295,Female,22,BSCS,2022,2.17,87.99,93.64,81.33,No,No,89.4,76.6,Employable,,,,79,,87,,,,,,,79,,,97,,88,,,,,,,,,,,,,,,,,91,,,,,,,,
25-00296,Male,21,BSIT,2019,3.01,93.96,76.53,85.11,Yes,No,89.9,75.2,Not Employable,,,,,,,77,,,,81,,,,95,,93,,,95,,,78,,,,,,,,,,,,,85,,,,,,,
25-00297,Female,20,BSIT,2021,3.25,78.11,83.5,80.72,Yes,No,74.3,73,Not Employable,,,,,,,84,,,,79,,,,92,,79,,,75,,,89,,,,,,,,,,,,,91,,,,,,,
25-00298,Female,21,BSCS,2021,2.32,86.64,86.87,82.43,No,Yes,81.8,72,Employable,,,,76,,89,,,,,,,70,,,95,,79,,,,,,,,,,,,,,,,,98,,,,,,,,
25-00299,Female,22,BSIT,2024,2.45,88.66,86.41,76.02,No,No,89,86.9,Employable,,,,,,,74,,,,90,,,,74,,91,,,83,,,90,,,,,,,,,,,,,82,,,,,,,
25-00300,Female,23,BSIT,2019,2.34,76.09,89.7,84.13,Yes,No,81.6,89,Employable,,,,,,,71,,,,72,,,,72,,95,,,93,,,70,,,,,,,,,,,,,94,,,,,,,
25-00301,Male,19,BSCS,2018,1.98,75.74,78.86,95.74,Yes,Yes,82.1,86.1,Employable,,,,99,,88,,,,,,,80,,,94,,71,,,,,,,,,,,,,,,,,95,,,,,,,,
25-00302,Female,22,BSEd-Filipino,2018,1.83,80.97,81.46,91.09,Yes,No,72.9,80,Employable,,,78,,92,,,82,,,,,,,,,,,,,,98,,,,100,,,,,,,,,,,,,,,,,
25-00303,Male,23,BSEd-Filipino,2022,1.62,88.56,84.74,89.01,No,No,78,91.3,Employable,,,89,,95,,,82,,,,,,,,,,,,,,92,,,,95,,,,,,,,,,,,,,,,,
25-00304,Female,22,BSBA-Marketing,2020,1.76,79.32,78.7,85.36,Yes,No,77.9,82.6,Employable,,,,,,,,,,86,,88,,89,,,,,98,,,,,,,,,,,,,,96,97,,,,,,,,,
25-00305,Male,21,BSEd-English,2022,1.99,82.39,81.56,88.01,No,Yes,93.4,83.6,Employable,,,81,,73,,,82,,,,,,,,,,,,,,77,,,87,,,,,,,,,,,,,,,,,,
25-00306,Female,23,BSCS,2024,2.96,81.93,86.95,88.27,No,Yes,74.4,63.7,Not Employable,,,,85,,74,,,,,,,96,,,71,,72,,,,,,,,,,,,,,,,,76,,,,,,,,
25-00307,Female,22,BSIT,2024,2.37,98.13,88.91,75.84,No,Yes,90.3,82.2,Employable,,,,,,,89,,,,79,,,,84,,82,,,82,,,71,,,,,,,,,,,,,88,,,,,,,
25-00308,Female,22,BSBA-Entrepreneurship,2022,1.78,76.1,77.23,82.63,No,No,77.4,82.9,Employable,,,,,,,,,,71,,88,,87,,,,,83,,,,,,,,,,,,,98,,,,,,,,,,,
25-00309,Male,23,BSIT,2018,2.26,86.35,81.25,91.51,Yes,No,81.4,80.5,Employable,,,,,,,93,,,,87,,,,73,,84,,,98,,,91,,,,,,,,,,,,,77,,,,,,,
25-00310,Male,20,BSBA-Marketing,2021,4.94,76.8,88.87,88.83,No,No,68.7,69.1,Not Employable,,,,,,,,,,86,,88,,90,,,,,70,,,,,,,,,,,,,,70,85,,,,,,,,,
25-00311,Female,22,BSBA-Marketing,2022,2.29,90.45,91.26,79,No,No,79.5,72.4,Employable,,,,,,,,,,86,,88,,80,,,,,97,,,,,,,,,,,,,,80,80,,,,,,,,,
25-00312,Female,21,BSIT,2023,4.4,78.03,93.38,87.21,Yes,No,77.9,85.2,Not Employable,,,,,,,73,,,,87,,,,71,,100,,,99,,,90,,,,,,,,,,,,,87,,,,,,,
25-00313,Female,21,BSIT,2021,2.21,87.5,88.11,81.28,Yes,No,94.9,77.8,Employable,,,,,,,89,,,,97,,,,72,,86,,,87,,,98,,,,,,,,,,,,,91,,,,,,,
25-00314,Female,20,BSCS,2024,4.9,84.41,87.48,88.8,No,No,77.4,77.1,Not Employable,,,,70,,93,,,,,,,89,,,89,,85,,,,,,,,,,,,,,,,,94,,,,,,,,
25-00315,Female,22,BSEd-Filipino,2020,1.44,80.14,83.37,86.69,No,No,81,82.7,Employable,,,75,,90,,,82,,,,,,,,,,,,,,76,,,,83,,,,,,,,,,,,,,,,,
25-00316,Female,20,BSIT,2019,1.77,80.3,94.29,81.79,No,Yes,69.1,92.3,Employable,,,,,,,76,,,,79,,,,84,,72,,,80,,,71,,,,,,,,,,,,,91,,,,,,,
25-00317,Female,22,BSA,2020,1.41,84.27,86.8,86.04,No,No,88.3,71.2,Employable,86,71,,,,,,,96,,,,,,,,,,,,86,,,,,,,,,,80,,,,,,,,,,,,
25-00318,Female,20,BSIT,2022,2.64,84.61,81.48,79.32,No,No,69,84.8,Not Employable,,,,,,,94,,,,72,,,,79,,73,,,95,,,79,,,,,,,,,,,,,73,,,,,,,
25-00319,Male,21,BSEd-English,2024,2.21,84.12,82.58,79.21,Yes,Yes,82.3,72.5,Employable,,,89,,92,,,82,,,,,,,,,,,,,,97,,,87,,,,,,,,,,,,,,,,,,
25-00320,Male,21,BSIT,2023,1.97,80.06,87.09,89.19,Yes,No,61.3,84.8,Employable,,,,,,,100,,,,91,,,,75,,94,,,83,,,73,,,,,,,,,,,,,77,,,,,,,
25-00321,Male,22,BSBA-Entrepreneurship,2024,1.31,93.78,85.18,88.31,No,Yes,67.6,72.7,Employable,,,,,,,,,,94,,88,,79,,,,,95,,,,,,,,,,,,,96,,,,,,,,,,,
25-00322,Female,22,BSIT,2023,1.91,84.19,82.54,94.8,No,Yes,71.3,60.8,Employable,,,,,,,79,,,,80,,,,79,,70,,,86,,,71,,,,,,,,,,,,,81,,,,,,,
25-00323,Male,22,BSBA-Entrepreneurship,2021,2.1,92.35,86.87,81.34,No,No,78.3,79.1,Employable,,,,,,,,,,90,,88,,79,,,,,81,,,,,,,,,,,,,85,,,,,,,,,,,
25-00324,Male,20,BSCS,2022,2.75,87.03,86.15,99.6,No,No,77.2,76.8,Not Employable,,,,87,,99,,,,,,,87,,,84,,87,,,,,,,,,,,,,,,,,73,,,,,,,,
25-00325,Male,23,BSBA-Entrepreneurship,2018,3.9,88.87,89.65,82.45,No,Yes,80.2,80.7,Not Employable,,,,,,,,,,94,,88,,92,,,,,94,,,,,,,,,,,,,79,,,,,,,,,,,
25-00326,Male,21,BSIT,2019,2.5,71.4,78.21,80.82,No,No,72.5,83.2,Employable,,,,,,,82,,,,98,,,,78,,94,,,98,,,83,,,,,,,,,,,,,83,,,,,,,
25-00327,Female,23,BSIT,2021,2.44,95.16,88.31,76.36,No,No,89.3,87.2,Employable,,,,,,,91,,,,77,,,,72,,100,,,85,,,87,,,,,,,,,,,,,97,,,,,,,
25-00328,Male,24,BSEd-English,2018,1.48,77.44,96.56,82.45,No,No,78.5,76.9,Employable,,,72,,78,,,82,,,,,,,,,,,,,,72,,,79,,,,,,,,,,,,,,,,,,
25-00329,Female,21,BSIT,2024,3.09,88.41,87.64,86.84,No,No,75.6,83.4,Not Employable,,,,,,,70,,,,98,,,,78,,93,,,78,,,73,,,,,,,,,,,,,93,,,,,,,
25-00330,Female,20,BSA,2024,2.21,81.83,90.4,87.24,No,No,91.1,81.4,Employable,84,92,,,,,,,76,,,,,,,,,,,,88,,,,,,,,,,93,,,,,,,,,,,,
25-00331,Male,23,BSCS,2023,3.02,70.66,83.02,78.43,Yes,No,88.7,85.3,Not Employable,,,,78,,82,,,,,,,71,,,77,,76,,,,,,,,,,,,,,,,,81,,,,,,,,
25-00332,Female,22,BSIT,2018,2.43,75.56,90.9,90.77,No,Yes,88.4,85,Employable,,,,,,,73,,,,72,,,,96,,98,,,83,,,98,,,,,,,,,,,,,82,,,,,,,
25-00333,Female,22,BSEd-English,2024,1.63,90.19,83.71,78.24,No,No,78.1,73,Employable,,,77,,87,,,82,,,,,,,,,,,,,,85,,,78,,,,,,,,,,,,,,,,,,
25-00334,Male,22,BSIT,2020,2.12,86.43,83.58,84.8,No,No,71.1,68.3,Employable,,,,,,,82,,,,94,,,,72,,89,,,99,,,75,,,,,,,,,,,,,72,,,,,,,
25-00335,Male,22,BSCS,2018,1.79,93.24,85.87,80.27,No,No,67.8,79.9,Employable,,,,84,,73,,,,,,,84,,,90,,82,,,,,,,,,,,,,,,,,98,,,,,,,,
25-00336,Male,23,BSA,2019,1.67,91.59,96.2,82.65,Yes,No,85.7,70.7,Employable,75,95,,,,,,,80,,,,,,,,,,,,95,,,,,,,,,,84,,,,,,,,,,,,
25-00337,Male,22,BSIT,2019,3.12,90.99,81.54,91.9,No,Yes,70,79.4,Not Employable,,,,,,,81,,,,72,,,,81,,76,,,98,,,95,,,,,,,,,,,,,87,,,,,,,
25-00338,Female,19,BSEd-English,2018,2.11,77.07,83.26,80.04,No,Yes,79.1,77.7,Employable,,,70,,95,,,82,,,,,,,,,,,,,,86,,,96,,,,,,,,,,,,,,,,,,
25-00339,Male,21,BSIT,2023,2,72.09,81.31,74.33,No,No,76,79.2,Employable,,,,,,,78,,,,94,,,,78,,75,,,75,,,99,,,,,,,,,,,,,71,,,,,,,
25-00340,Male,22,BSIT,2020,1.92,80.64,82.48,78.93,No,Yes,83.5,80.3,Employable,,,,,,,86,,,,98,,,,91,,99,,,83,,,78,,,,,,,,,,,,,79,,,,,,,
25-00341,Male,22,BSIT,2024,2.14,87.93,86.99,84.41,Yes,No,86.8,82.7,Employable,,,,,,,100,,,,83,,,,88,,90,,,70,,,79,,,,,,,,,,,,,90,,,,,,,
25-00342,Male,21,BSCS,2023,3.1,93.3,80.79,90.93,Yes,No,90.6,71.9,Not Employable,,,,91,,94,,,,,,,98,,,72,,73,,,,,,,,,,,,,,,,,87,,,,,,,,
25-00343,Female,19,BSEd-Filipino,2020,3.15,80.07,82.18,71.22,No,No,83.4,78.2,Not Employable,,,89,,95,,,82,,,,,,,,,,,,,,97,,,,87,,,,,,,,,,,,,,,,,
25-00344,Male,22,BSEd-Filipino,2021,4.61,97.84,87.96,88.06,Yes,Yes,75.6,60,Not Employable,,,75,,94,,,82,,,,,,,,,,,,,,88,,,,71,,,,,,,,,,,,,,,,,
25-00345,Female,21,BSA,2023,3.37,90.37,86.26,81.84,No,No,82.3,85.6,Not Employable,93,91,,,,,,,70,,,,,,,,,,,,93,,,,,,,,,,84,,,,,,,,,,,,
25-00346,Female,23,BSIT,2023,3.16,83.57,92.58,84.07,No,No,74.9,71.7,Not Employable,,,,,,,85,,,,99,,,,75,,87,,,91,,,93,,,,,,,,,,,,,84,,,,,,,
25-00347,Female,21,BSIT,2024,3.08,88.27,85.7,75.65,Yes,No,88.5,75.1,Not Employable,,,,,,,72,,,,73,,,,70,,97,,,92,,,71,,,,,,,,,,,,,79,,,,,,,
25-00348,Female,23,BSBA-Entrepreneurship,2022,1.18,85.76,85.78,79.95,No,No,71.8,83.6,Employable,,,,,,,,,,99,,88,,98,,,,,79,,,,,,,,,,,,,79,,,,,,,,,,,
25-00349,Female,21,BSA,2021,1.41,82.98,80.02,76.09,No,Yes,74.2,78,Employable,90,80,,,,,,,93,,,,,,,,,,,,84,,,,,,,,,,95,,,,,,,,,,,,
25-00350,Female,20,BSCS,2021,1.82,85.74,81.67,92.88,No,No,86.6,86.1,Employable,,,,95,,98,,,,,,,83,,,79,,98,,,,,,,,,,,,,,,,,73,,,,,,,,
25-00351,Female,23,BSIT,2022,2.38,94.39,82.3,70.71,No,Yes,60,95.8,Employable,,,,,,,86,,,,96,,,,89,,97,,,92,,,86,,,,,,,,,,,,,96,,,,,,,
25-00352,Male,22,BSCS,2023,3.1,90.87,87.42,81.76,No,No,70.6,77.7,Not Employable,,,,73,,96,,,,,,,84,,,71,,98,,,,,,,,,,,,,,,,,100,,,,,,,,
25-00353,Female,22,BSIT,2020,2.37,93.21,89.77,91.07,No,No,76.9,74.2,Employable,,,,,,,84,,,,75,,,,86,,70,,,96,,,90,,,,,,,,,,,,,96,,,,,,,
25-00354,Female,21,BSBA-Marketing,2018,4.51,97.68,80.61,83.79,No,Yes,80.1,76.7,Not Employable,,,,,,,,,,86,,88,,84,,,,,76,,,,,,,,,,,,,,70,78,,,,,,,,,
25-00355,Male,23,BSIT,2024,2.3,80.47,89.11,85.77,Yes,No,73.9,87.5,Employable,,,,,,,81,,,,77,,,,93,,91,,,83,,,94,,,,,,,,,,,,,79,,,,,,,
25-00356,Female,19,BSCS,2018,1.97,91.77,82.93,84.55,Yes,No,61.3,81.8,Employable,,,,87,,99,,,,,,,86,,,89,,95,,,,,,,,,,,,,,,,,84,,,,,,,,
25-00357,Female,22,BSCS,2022,2.92,99.08,82.83,83.64,No,No,77.2,92.8,Not Employable,,,,79,,84,,,,,,,99,,,81,,87,,,,,,,,,,,,,,,,,70,,,,,,,,
25-00358,Female,22,BSIT,2018,2.73,90.32,80.11,88.82,No,No,74,87.4,Not Employable,,,,,,,76,,,,97,,,,99,,96,,,76,,,79,,,,,,,,,,,,,86,,,,,,,
25-00359,Male,23,BSCS,2020,3.38,78.62,92.24,75.69,No,No,80.7,89.8,Not Employable,,,,98,,81,,,,,,,74,,,76,,80,,,,,,,,,,,,,,,,,72,,,,,,,,
25-00360,Male,23,BSCS,2021,2.07,82.27,82.61,90.27,No,No,86.9,86.6,Employable,,,,95,,98,,,,,,,89,,,85,,70,,,,,,,,,,,,,,,,,74,,,,,,,,
25-00361,Male,21,BSIT,2018,2.41,72.67,93.55,79.37,No,Yes,96.2,96.8,Employable,,,,,,,78,,,,74,,,,75,,84,,,96,,,98,,,,,,,,,,,,,94,,,,,,,
25-00362,Male,21,BSIT,2018,1.88,71.88,86.18,85.21,No,No,72.7,80.8,Employable,,,,,,,92,,,,100,,,,92,,72,,,77,,,90,,,,,,,,,,,,,89,,,,,,,
25-00363,Female,22,BSCS,2023,2.33,82.7,91.25,81.8,No,Yes,81,70.9,Employable,,,,86,,74,,,,,,,73,,,98,,100,,,,,,,,,,,,,,,,,83,,,,,,,,
25-00364,Female,20,BSA,2021,1.21,89.63,100,83.59,No,Yes,75.4,80.9,Employable,77,96,,,,,,,70,,,,,,,,,,,,93,,,,,,,,,,71,,,,,,,,,,,,
25-00365,Male,22,BSEd-English,2019,2.37,80.23,91.04,85.24,Yes,No,72,80.1,Employable,,,86,,72,,,82,,,,,,,,,,,,,,74,,,73,,,,,,,,,,,,,,,,,,
25-00366,Male,23,BSBA-Entrepreneurship,2022,1.95,80.45,75.37,85.12,Yes,No,91.5,78.1,Employable,,,,,,,,,,72,,88,,96,,,,,73,,,,,,,,,,,,,86,,,,,,,,,,,
25-00367,Female,21,BSIT,2018,3.01,90.01,85.52,75.63,No,No,84.3,86.4,Not Employable,,,,,,,77,,,,91,,,,91,,100,,,82,,,93,,,,,,,,,,,,,97,,,,,,,
25-00368,Female,21,BSCS,2018,1.14,82.81,80.8,90.3,No,No,83.3,79.8,Employable,,,,99,,84,,,,,,,72,,,89,,96,,,,,,,,,,,,,,,,,74,,,,,,,,
25-00369,Male,21,BSIT,2019,1.86,89.18,84.02,72.83,No,No,77.2,95.9,Employable,,,,,,,81,,,,97,,,,90,,93,,,70,,,95,,,,,,,,,,,,,96,,,,,,,
25-00370,Female,22,BSEd-English,2024,2.04,78.52,91.21,81.7,Yes,No,85.9,90.5,Employable,,,74,,99,,,82,,,,,,,,,,,,,,85,,,76,,,,,,,,,,,,,,,,,,
25-00371,Female,21,BSEd-Filipino,2023,1.95,86.56,87.19,96.2,No,No,82.4,79.5,Employable,,,99,,82,,,82,,,,,,,,,,,,,,96,,,,75,,,,,,,,,,,,,,,,,
25-00372,Female,21,BSEd-Filipino,2023,1.85,85.77,85.7,83.58,Yes,Yes,76.1,86,Employable,,,79,,97,,,82,,,,,,,,,,,,,,99,,,,81,,,,,,,,,,,,,,,,,
25-00373,Female,23,BSEd-English,2020,1.09,86.19,98.88,88.67,No,No,68.5,78,Employable,,,79,,72,,,82,,,,,,,,,,,,,,72,,,89,,,,,,,,,,,,,,,,,,
25-00374,Female,23,BSIT,2021,2.33,85.54,82.4,90.27,Yes,No,68,79.5,Employable,,,,,,,78,,,,72,,,,74,,97,,,96,,,89,,,,,,,,,,,,,74,,,,,,,
25-00375,Male,24,BSEd-Filipino,2021,1.62,76.95,78.38,91.01,No,No,86.1,86.1,Employable,,,98,,81,,,82,,,,,,,,,,,,,,97,,,,91,,,,,,,,,,,,,,,,,
25-00376,Female,20,BSIT,2024,4.97,83.42,87.01,79.62,No,No,77.8,75,Not Employable,,,,,,,99,,,,100,,,,71,,82,,,75,,,98,,,,,,,,,,,,,97,,,,,,,
25-00377,Male,23,BSCS,2022,2.46,81.91,90.37,83.68,Yes,No,74.1,71.7,Employable,,,,77,,74,,,,,,,75,,,70,,79,,,,,,,,,,,,,,,,,74,,,,,,,,
25-00378,Male,20,BSIT,2018,1.68,83.37,83.42,92.03,No,Yes,84.7,78.1,Employable,,,,,,,76,,,,86,,,,78,,93,,,98,,,77,,,,,,,,,,,,,99,,,,,,,
25-00379,Male,20,BSEd-English,2019,3.03,77.59,87.85,73.84,No,Yes,94.5,89.9,Not Employable,,,95,,90,,,82,,,,,,,,,,,,,,77,,,93,,,,,,,,,,,,,,,,,,
25-00380,Female,21,BSCS,2024,1.67,84.11,82.37,86.08,Yes,Yes,79.5,81.8,Employable,,,,81,,94,,,,,,,71,,,96,,98,,,,,,,,,,,,,,,,,94,,,,,,,,
25-00381,Male,22,BSEd-English,2023,2.14,93.97,84.46,87.86,No,No,78.2,82.9,Employable,,,74,,79,,,82,,,,,,,,,,,,,,73,,,84,,,,,,,,,,,,,,,,,,
25-00382,Female,20,BSCS,2024,1.19,84.07,87.31,76.78,No,No,66.9,63.2,Employable,,,,92,,80,,,,,,,72,,,74,,70,,,,,,,,,,,,,,,,,83,,,,,,,,
25-00383,Male,21,BSEd-English,2022,2.18,98.94,80.41,89.18,No,No,82.6,71.2,Employable,,,96,,76,,,82,,,,,,,,,,,,,,80,,,88,,,,,,,,,,,,,,,,,,
25-00384,Female,20,BSIT,2021,3.26,93.71,79.28,79.56,No,No,79.9,85.1,Not Employable,,,,,,,75,,,,72,,,,73,,74,,,90,,,95,,,,,,,,,,,,,76,,,,,,,
25-00385,Female,19,BSEd-Filipino,2020,2.23,84.57,82.52,79.7,Yes,No,85.3,79.1,Employable,,,79,,77,,,82,,,,,,,,,,,,,,97,,,,78,,,,,,,,,,,,,,,,,
25-00386,Female,21,BSIT,2020,2.15,83.78,81.01,89.36,No,No,78.3,87.1,Employable,,,,,,,99,,,,93,,,,96,,76,,,78,,,87,,,,,,,,,,,,,71,,,,,,,
25-00387,Female,24,BSA,2024,1.77,86.31,80.06,91.66,Yes,No,82.9,83.6,Employable,85,86,,,,,,,84,,,,,,,,,,,,95,,,,,,,,,,97,,,,,,,,,,,,
25-00388,Male,23,BSIT,2018,2.89,86.91,79.49,80.89,No,No,81.3,60.7,Not Employable,,,,,,,71,,,,96,,,,87,,80,,,99,,,74,,,,,,,,,,,,,87,,,,,,,
25-00389,Male,21,BSBA-Marketing,2020,2.47,81,86.2,81.65,No,No,70.9,95.5,Employable,,,,,,,,,,86,,88,,81,,,,,85,,,,,,,,,,,,,,98,71,,,,,,,,,
25-00390,Male,19,BSIT,2021,1.76,83.37,77.86,95.47,No,No,84.1,71.8,Employable,,,,,,,80,,,,81,,,,97,,96,,,98,,,92,,,,,,,,,,,,,71,,,,,,,
25-00391,Female,22,BSCS,2020,2.94,85.24,89.71,84.06,No,No,82.8,74.3,Not Employable,,,,78,,80,,,,,,,77,,,82,,72,,,,,,,,,,,,,,,,,86,,,,,,,,
25-00392,Female,22,BSA,2024,1.26,76.8,84.47,87.38,Yes,Yes,72.8,83.1,Employable,91,75,,,,,,,87,,,,,,,,,,,,98,,,,,,,,,,77,,,,,,,,,,,,
25-00393,Male,22,BSBA-Marketing,2022,3.34,80.28,81.62,79.82,Yes,No,81.1,78.9,Not Employable,,,,,,,,,,86,,88,,100,,,,,78,,,,,,,,,,,,,,97,77,,,,,,,,,
25-00394,Male,22,BSA,2018,3.03,89.94,81.91,79.13,No,No,72.4,80.9,Not Employable,71,85,,,,,,,84,,,,,,,,,,,,78,,,,,,,,,,85,,,,,,,,,,,,
25-00395,Female,23,BSCS,2019,1.24,83.26,90.12,90.56,Yes,Yes,74,83.5,Employable,,,,95,,73,,,,,,,82,,,85,,73,,,,,,,,,,,,,,,,,90,,,,,,,,
25-00396,Male,22,BSIT,2022,2,89.69,81.32,85.84,No,No,71.8,74.4,Employable,,,,,,,89,,,,77,,,,80,,92,,,89,,,88,,,,,,,,,,,,,70,,,,,,,
25-00397,Female,21,BSIT,2020,1.68,79.44,78.61,81.85,No,No,77.3,68,Employable,,,,,,,83,,,,90,,,,70,,83,,,89,,,88,,,,,,,,,,,,,88,,,,,,,
25-00398,Male,20,BSIT,2020,2.65,87.09,84.29,92.18,No,Yes,75.9,86.3,Not Employable,,,,,,,86,,,,88,,,,90,,76,,,80,,,94,,,,,,,,,,,,,87,,,,,,,
25-00399,Female,23,BSCS,2023,2.29,84.5,94.27,90.63,No,Yes,71.9,84.5,Employable,,,,84,,91,,,,,,,93,,,72,,75,,,,,,,,,,,,,,,,,94,,,,,,,,
25-00400,Female,20,BSIT,2022,1.81,76.7,85.58,82.02,Yes,No,86.7,83.4,Employable,,,,,,,73,,,,93,,,,97,,76,,,86,,,86,,,,,,,,,,,,,88,,,,,,,
25-00401,Female,21,BSEd-English,2019,2.8,92.36,82.99,87.5,No,Yes,89.3,71.6,Not Employable,,,98,,75,,,82,,,,,,,,,,,,,,94,,,88,,,,,,,,,,,,,,,,,,
25-00402,Female,21,BSA,2023,2.84,94.73,81.17,88.36,Yes,Yes,79.3,75,Not Employable,71,70,,,,,,,100,,,,,,,,,,,,81,,,,,,,,,,100,,,,,,,,,,,,
25-00403,Female,23,BSIT,2019,1.83,87.34,88.94,86.06,No,No,71.4,80.4,Employable,,,,,,,76,,,,84,,,,98,,87,,,94,,,80,,,,,,,,,,,,,74,,,,,,,
25-00404,Female,23,BSCS,2022,1.33,94,83.88,84.77,No,No,82.6,83.7,Employable,,,,90,,71,,,,,,,85,,,77,,70,,,,,,,,,,,,,,,,,93,,,,,,,,
25-00405,Female,22,BSIT,2023,3.31,82.67,87.69,82.38,No,No,89.3,73.1,Not Employable,,,,,,,71,,,,94,,,,90,,84,,,96,,,75,,,,,,,,,,,,,80,,,,,,,
25-00406,Male,22,BSEd-English,2021,1.08,88.01,80.09,84.53,Yes,No,83.1,79.5,Employable,,,84,,84,,,82,,,,,,,,,,,,,,100,,,83,,,,,,,,,,,,,,,,,,
25-00407,Male,22,BSBA-Entrepreneurship,2021,1.66,90.13,73.31,81.06,No,Yes,79.1,81,Employable,,,,,,,,,,79,,88,,86,,,,,82,,,,,,,,,,,,,99,,,,,,,,,,,
25-00408,Male,21,BSCS,2019,2.34,79.71,82.53,89.07,Yes,No,87.4,83.9,Employable,,,,95,,72,,,,,,,80,,,98,,76,,,,,,,,,,,,,,,,,83,,,,,,,,
25-00409,Male,20,BSBA-Marketing,2018,1.25,80.03,87.57,86.45,No,Yes,84.8,62,Employable,,,,,,,,,,86,,88,,74,,,,,70,,,,,,,,,,,,,,82,94,,,,,,,,,
25-00410,Female,21,BSIT,2022,3.3,92.73,70.47,85.04,No,No,70.1,74.9,Not Employable,,,,,,,97,,,,77,,,,76,,76,,,94,,,89,,,,,,,,,,,,,93,,,,,,,
25-00411,Male,22,BSIT,2019,1.68,77.78,90.62,87.76,No,Yes,78.9,94.6,Employable,,,,,,,82,,,,99,,,,70,,82,,,99,,,87,,,,,,,,,,,,,81,,,,,,,
25-00412,Female,24,BSIT,2022,1.72,83.23,81.13,91.24,No,No,81.4,88.1,Employable,,,,,,,88,,,,92,,,,78,,92,,,74,,,90,,,,,,,,,,,,,76,,,,,,,
25-00413,Male,21,BSIT,2022,1.99,90.87,73.83,87.71,Yes,No,74.2,73.9,Employable,,,,,,,84,,,,82,,,,71,,99,,,70,,,88,,,,,,,,,,,,,97,,,,,,,
25-00414,Male,21,BSIT,2020,2.14,84.67,92.46,78.68,Yes,No,85,83.1,Employable,,,,,,,96,,,,88,,,,70,,76,,,84,,,84,,,,,,,,,,,,,74,,,,,,,
25-00415,Female,21,BSBA-Marketing,2018,3.45,88.32,86.74,96.2,Yes,No,73.8,72.4,Not Employable,,,,,,,,,,86,,88,,71,,,,,100,,,,,,,,,,,,,,93,98,,,,,,,,,
25-00416,Male,23,BSEd-English,2024,3.27,90.09,84.34,86.54,No,No,92.7,83.5,Not Employable,,,76,,90,,,82,,,,,,,,,,,,,,89,,,77,,,,,,,,,,,,,,,,,,
25-00417,Male,22,BSIT,2018,1.7,77.68,100,78.76,No,No,77.3,65.6,Employable,,,,,,,88,,,,96,,,,82,,93,,,100,,,85,,,,,,,,,,,,,75,,,,,,,
25-00418,Female,20,BSEd-Filipino,2024,2.64,89.65,79.55,83.95,No,No,78.3,95.4,Not Employable,,,84,,96,,,82,,,,,,,,,,,,,,71,,,,92,,,,,,,,,,,,,,,,,
25-00419,Male,21,BSEd-English,2023,2.37,85.63,82.64,92.07,No,No,95.2,83.9,Employable,,,83,,71,,,82,,,,,,,,,,,,,,78,,,85,,,,,,,,,,,,,,,,,,
25-00420,Male,22,BSCS,2022,1.99,81.24,82.15,87.02,Yes,No,76,75.9,Employable,,,,90,,86,,,,,,,86,,,88,,95,,,,,,,,,,,,,,,,,78,,,,,,,,
25-00421,Female,22,BSIT,2022,2.38,83.95,72.73,83,No,Yes,76.5,86.4,Employable,,,,,,,91,,,,86,,,,86,,76,,,70,,,71,,,,,,,,,,,,,73,,,,,,,
25-00422,Female,21,BSCS,2022,1.66,81.06,78.82,84.49,No,No,88.7,73.6,Employable,,,,88,,89,,,,,,,84,,,84,,80,,,,,,,,,,,,,,,,,83,,,,,,,,
25-00423,Female,22,BSEd-Filipino,2021,2.09,91.12,90.53,76.49,No,Yes,81.7,79.7,Employable,,,87,,92,,,82,,,,,,,,,,,,,,98,,,,83,,,,,,,,,,,,,,,,,
25-00424,Female,22,BSBA-Entrepreneurship,2020,2.09,78.81,81.17,88.68,No,No,75.8,81.4,Employable,,,,,,,,,,97,,88,,73,,,,,83,,,,,,,,,,,,,76,,,,,,,,,,,
25-00425,Male,20,BSIT,2021,2.46,89.5,83.04,80.27,No,Yes,93.3,87.9,Employable,,,,,,,93,,,,75,,,,85,,84,,,92,,,96,,,,,,,,,,,,,80,,,,,,,
25-00426,Male,22,BSCS,2024,2,89.03,79.92,78.3,No,No,92.1,87.9,Employable,,,,100,,89,,,,,,,74,,,96,,99,,,,,,,,,,,,,,,,,75,,,,,,,,
25-00427,Male,20,BSEd-English,2019,2.16,83.4,94.34,76.65,No,No,76,77.4,Employable,,,95,,77,,,82,,,,,,,,,,,,,,82,,,99,,,,,,,,,,,,,,,,,,
25-00428,Female,19,BSIT,2020,2.01,88.2,85.88,81.99,No,Yes,88.8,79,Employable,,,,,,,96,,,,93,,,,93,,86,,,80,,,89,,,,,,,,,,,,,89,,,,,,,
25-00429,Male,23,BSIT,2024,3.06,74.5,91.62,77.26,No,Yes,84.9,75.8,Not Employable,,,,,,,87,,,,80,,,,91,,75,,,84,,,94,,,,,,,,,,,,,76,,,,,,,
25-00430,Female,21,BSIT,2018,2.31,89.49,95.83,83.12,Yes,No,83.5,74,Employable,,,,,,,88,,,,71,,,,93,,95,,,87,,,86,,,,,,,,,,,,,75,,,,,,,
25-00431,Male,19,BSIT,2019,2.92,84.23,89.88,90.69,No,Yes,73.4,78.5,Not Employable,,,,,,,93,,,,73,,,,73,,94,,,86,,,94,,,,,,,,,,,,,86,,,,,,,
25-00432,Female,22,BSCS,2024,3.24,91.29,82.33,80.09,No,No,86,84.9,Not Employable,,,,92,,96,,,,,,,85,,,72,,81,,,,,,,,,,,,,,,,,82,,,,,,,,
25-00433,Female,21,BSCS,2021,2.71,91.85,86.28,84.5,Yes,Yes,82.8,67.5,Not Employable,,,,72,,80,,,,,,,90,,,84,,99,,,,,,,,,,,,,,,,,93,,,,,,,,
25-00434,Male,19,BSCS,2022,2.8,87.71,87.49,87.43,No,No,79.9,85.6,Not Employable,,,,96,,87,,,,,,,93,,,99,,90,,,,,,,,,,,,,,,,,71,,,,,,,,
25-00435,Female,21,BSIT,2021,2.91,86.03,82.03,90.73,No,No,78.2,72.3,Not Employable,,,,,,,82,,,,96,,,,99,,94,,,72,,,87,,,,,,,,,,,,,77,,,,,,,
25-00436,Male,21,BSBA-Marketing,2022,2.3,87.51,79.55,83.46,No,Yes,87.2,74.4,Employable,,,,,,,,,,86,,88,,86,,,,,75,,,,,,,,,,,,,,79,75,,,,,,,,,
25-00437,Male,23,BSCS,2021,2.43,85.85,74.09,90.92,No,No,74.9,84.1,Employable,,,,76,,97,,,,,,,98,,,73,,87,,,,,,,,,,,,,,,,,72,,,,,,,,
25-00438,Female,23,BSEd-English,2023,2.89,83.31,87.3,74.62,No,No,82.8,82.1,Not Employable,,,90,,85,,,82,,,,,,,,,,,,,,93,,,83,,,,,,,,,,,,,,,,,,
25-00439,Female,24,BSEd-English,2018,3.49,83.26,84.79,89.18,No,Yes,62.9,84.6,Not Employable,,,97,,92,,,82,,,,,,,,,,,,,,87,,,94,,,,,,,,,,,,,,,,,,
25-00440,Female,23,BSBA-Entrepreneurship,2022,1.77,81.69,92.19,84.4,Yes,Yes,73.5,97.2,Employable,,,,,,,,,,87,,88,,87,,,,,96,,,,,,,,,,,,,71,,,,,,,,,,,
25-00441,Female,23,BSBA-Marketing,2023,2.09,89.98,81.66,85.21,No,Yes,60,87,Employable,,,,,,,,,,86,,88,,80,,,,,83,,,,,,,,,,,,,,76,74,,,,,,,,,
25-00442,Male,20,BSIT,2018,1.27,89.42,79.9,84.6,No,No,89.1,81.8,Employable,,,,,,,94,,,,77,,,,84,,94,,,81,,,84,,,,,,,,,,,,,81,,,,,,,
25-00443,Male,21,BSA,2022,2.28,93.45,85.65,83.95,No,Yes,73.9,72.9,Employable,93,74,,,,,,,91,,,,,,,,,,,,90,,,,,,,,,,73,,,,,,,,,,,,
25-00444,Female,20,BSIT,2020,1.99,87.47,84.3,78.49,No,No,84.4,75.1,Employable,,,,,,,95,,,,84,,,,72,,87,,,76,,,74,,,,,,,,,,,,,99,,,,,,,
25-00445,Female,22,BSIT,2020,2.63,80.21,74.97,86.97,Yes,No,79.3,73.6,Not Employable,,,,,,,81,,,,93,,,,76,,98,,,80,,,97,,,,,,,,,,,,,73,,,,,,,
25-00446,Female,22,BSCS,2020,3.4,83.82,75.38,82.19,Yes,Yes,82.3,68.2,Not Employable,,,,95,,90,,,,,,,83,,,98,,70,,,,,,,,,,,,,,,,,80,,,,,,,,
25-00447,Male,24,BSIT,2021,3.27,87.05,78.38,93.06,Yes,Yes,60,88.9,Not Employable,,,,,,,74,,,,95,,,,78,,79,,,100,,,73,,,,,,,,,,,,,70,,,,,,,
25-00448,Male,21,BSA,2024,1.6,82.03,78.06,81,Yes,No,86.9,79.8,Employable,98,88,,,,,,,71,,,,,,,,,,,,88,,,,,,,,,,76,,,,,,,,,,,,
25-00449,Male,21,BSCS,2018,3.27,89.21,90.35,83.7,Yes,Yes,71.2,81.5,Not Employable,,,,81,,99,,,,,,,87,,,80,,93,,,,,,,,,,,,,,,,,90,,,,,,,,
25-00450,Female,21,BSIT,2018,1.4,91.5,78.51,81.41,No,Yes,60,72.5,Employable,,,,,,,84,,,,99,,,,98,,87,,,70,,,90,,,,,,,,,,,,,78,,,,,,,
25-00451,Male,21,BSIT,2022,1.68,88.15,97.01,81.95,No,No,76.2,80.3,Employable,,,,,,,81,,,,95,,,,94,,99,,,71,,,95,,,,,,,,,,,,,88,,,,,,,
25-00452,Female,21,BSBA-Entrepreneurship,2023,2.46,90.36,86.99,73.26,No,No,91.6,79.5,Employable,,,,,,,,,,76,,88,,86,,,,,90,,,,,,,,,,,,,74,,,,,,,,,,,
25-00453,Male,21,BSA,2024,2.12,93.9,93.23,86.38,No,No,90.8,91.1,Employable,85,94,,,,,,,95,,,,,,,,,,,,81,,,,,,,,,,94,,,,,,,,,,,,
25-00454,Male,20,BSCS,2020,3.29,76.11,89.01,85.75,No,No,76.1,82.4,Not Employable,,,,83,,98,,,,,,,78,,,97,,70,,,,,,,,,,,,,,,,,92,,,,,,,,
25-00455,Male,19,BSBA-Marketing,2024,2.4,97.79,80.42,80.46,Yes,Yes,74.5,76.1,Employable,,,,,,,,,,86,,88,,79,,,,,79,,,,,,,,,,,,,,87,79,,,,,,,,,
25-00456,Female,23,BSBA-Entrepreneurship,2020,1.85,89,82.35,96.95,No,Yes,86.3,91.5,Employable,,,,,,,,,,80,,88,,96,,,,,100,,,,,,,,,,,,,93,,,,,,,,,,,
25-00457,Female,21,BSCS,2021,1.79,77.25,71.9,87.9,No,Yes,73.9,80.9,Employable,,,,93,,89,,,,,,,98,,,99,,77,,,,,,,,,,,,,,,,,70,,,,,,,,
25-00458,Male,22,BSEd-English,2022,3.27,82.34,80.3,80.92,Yes,Yes,76.8,92.6,Not Employable,,,80,,96,,,82,,,,,,,,,,,,,,94,,,97,,,,,,,,,,,,,,,,,,
25-00459,Female,22,BSIT,2023,2.29,85.74,79.14,84.83,No,No,80.9,80.5,Employable,,,,,,,76,,,,84,,,,89,,77,,,95,,,89,,,,,,,,,,,,,98,,,,,,,
25-00460,Female,21,BSCS,2019,2.31,86.64,85.67,90.97,No,No,94.6,77.6,Employable,,,,84,,80,,,,,,,94,,,94,,87,,,,,,,,,,,,,,,,,100,,,,,,,,
25-00461,Female,23,BSIT,2020,1.66,82.69,82.76,84.35,No,No,80.6,70,Employable,,,,,,,75,,,,87,,,,85,,72,,,80,,,71,,,,,,,,,,,,,79,,,,,,,
25-00462,Female,22,BSCS,2019,2.17,100,77.87,91.65,No,Yes,79.8,83.8,Employable,,,,75,,83,,,,,,,74,,,72,,91,,,,,,,,,,,,,,,,,86,,,,,,,,
25-00463,Female,22,BSIT,2020,3.04,93.07,85.52,83.86,Yes,Yes,63.8,72.3,Not Employable,,,,,,,82,,,,74,,,,82,,70,,,84,,,76,,,,,,,,,,,,,71,,,,,,,
25-00464,Female,22,BSA,2023,4.92,81.13,85,78.22,No,Yes,78.5,78.7,Not Employable,84,81,,,,,,,90,,,,,,,,,,,,100,,,,,,,,,,97,,,,,,,,,,,,
25-00465,Male,21,BSBA-Entrepreneurship,2022,1.71,84.42,77.44,83.98,No,Yes,76.8,72.8,Employable,,,,,,,,,,97,,88,,96,,,,,75,,,,,,,,,,,,,87,,,,,,,,,,,
25-00466,Female,23,BSCS,2023,1.69,83.11,84.49,88.59,No,Yes,94.1,74.9,Employable,,,,90,,94,,,,,,,97,,,77,,77,,,,,,,,,,,,,,,,,77,,,,,,,,
25-00467,Male,23,BSEd-Filipino,2022,2.4,80.7,81.07,76.15,No,Yes,84.4,65.8,Employable,,,77,,96,,,82,,,,,,,,,,,,,,95,,,,70,,,,,,,,,,,,,,,,,
25-00468,Male,21,BSIT,2024,1.85,95.78,88.32,84.84,No,Yes,77.6,80.1,Employable,,,,,,,83,,,,84,,,,76,,98,,,94,,,81,,,,,,,,,,,,,78,,,,,,,
25-00469,Female,22,BSCS,2024,3.49,81.06,85.83,80.45,Yes,No,91.9,86,Not Employable,,,,89,,86,,,,,,,94,,,84,,80,,,,,,,,,,,,,,,,,99,,,,,,,,
25-00470,Male,22,BSCS,2024,2.9,76.71,83.56,82.69,No,Yes,82.6,73.2,Not Employable,,,,85,,85,,,,,,,95,,,98,,93,,,,,,,,,,,,,,,,,97,,,,,,,,
25-00471,Female,23,BSBA-Entrepreneurship,2022,2.84,94,77.58,89.31,No,No,100,77.4,Not Employable,,,,,,,,,,92,,88,,93,,,,,87,,,,,,,,,,,,,97,,,,,,,,,,,
25-00472,Female,21,BSCS,2022,3.23,82.56,82.77,80.87,No,No,70,81.4,Not Employable,,,,91,,82,,,,,,,94,,,83,,72,,,,,,,,,,,,,,,,,72,,,,,,,,
25-00473,Male,20,BSBA-Marketing,2018,1.98,82.66,77.99,81.7,Yes,No,82,83.4,Employable,,,,,,,,,,86,,88,,99,,,,,75,,,,,,,,,,,,,,90,78,,,,,,,,,
25-00474,Male,23,BSCS,2022,2.3,85.57,96.95,87.7,No,Yes,94.7,83.6,Employable,,,,85,,83,,,,,,,85,,,97,,90,,,,,,,,,,,,,,,,,70,,,,,,,,
25-00475,Female,23,BSIT,2022,2.26,80.49,89.3,88.24,Yes,No,80.3,86.3,Employable,,,,,,,81,,,,71,,,,88,,92,,,72,,,84,,,,,,,,,,,,,72,,,,,,,
25-00476,Male,21,BSBA-Marketing,2022,1.67,90.47,79.48,88.19,No,No,88.4,80.7,Employable,,,,,,,,,,86,,88,,82,,,,,89,,,,,,,,,,,,,,81,92,,,,,,,,,
25-00477,Male,19,BSIT,2022,2.29,88.82,74.04,78.99,Yes,No,80.4,92.6,Employable,,,,,,,81,,,,79,,,,71,,75,,,79,,,80,,,,,,,,,,,,,84,,,,,,,
25-00478,Female,21,BSBA-Entrepreneurship,2020,2.46,85.29,79.46,90.52,No,Yes,88.7,79,Employable,,,,,,,,,,71,,88,,88,,,,,72,,,,,,,,,,,,,87,,,,,,,,,,,
25-00479,Male,21,BSCS,2019,1.82,78.59,81.19,70,Yes,Yes,78.8,93.1,Employable,,,,99,,87,,,,,,,81,,,86,,89,,,,,,,,,,,,,,,,,72,,,,,,,,
25-00480,Female,20,BSA,2018,1.72,78.79,81.01,84.71,No,No,81,85.2,Employable,74,95,,,,,,,92,,,,,,,,,,,,89,,,,,,,,,,82,,,,,,,,,,,,
25-00481,Female,24,BSCS,2024,1.29,89.47,79.21,88.69,No,Yes,69.7,75.8,Employable,,,,88,,72,,,,,,,82,,,81,,89,,,,,,,,,,,,,,,,,90,,,,,,,,
25-00482,Male,21,BSEd-Filipino,2023,2.01,75.5,87.79,84.1,No,Yes,90.5,77.2,Employable,,,93,,87,,,82,,,,,,,,,,,,,,94,,,,79,,,,,,,,,,,,,,,,,
25-00483,Male,23,BSEd-Filipino,2020,2.4,83.69,82.16,87.23,No,No,77.8,66.5,Employable,,,89,,88,,,82,,,,,,,,,,,,,,90,,,,82,,,,,,,,,,,,,,,,,
25-00484,Male,22,BSA,2023,1.62,72.2,78.53,86.33,No,No,82.7,85.9,Employable,86,95,,,,,,,95,,,,,,,,,,,,98,,,,,,,,,,74,,,,,,,,,,,,
25-00485,Female,19,BSCS,2023,3.92,90.44,87.63,70,Yes,No,85.6,84,Not Employable,,,,72,,74,,,,,,,82,,,88,,100,,,,,,,,,,,,,,,,,71,,,,,,,,
25-00486,Female,19,BSBA-Marketing,2024,3.2,78.64,86.72,88.96,No,No,76.2,80.5,Not Employable,,,,,,,,,,86,,88,,74,,,,,88,,,,,,,,,,,,,,84,72,,,,,,,,,
25-00487,Female,23,BSIT,2018,1.8,86.43,86.06,85.38,No,Yes,76.5,88.1,Employable,,,,,,,74,,,,74,,,,78,,91,,,86,,,98,,,,,,,,,,,,,92,,,,,,,
25-00488,Female,20,BSCS,2022,1.84,83.39,82.61,90.25,Yes,No,89.9,75.6,Employable,,,,84,,96,,,,,,,89,,,99,,93,,,,,,,,,,,,,,,,,78,,,,,,,,
25-00489,Male,23,BSCS,2018,1.86,77.61,93.55,88.13,No,Yes,71.4,81.7,Employable,,,,89,,97,,,,,,,89,,,80,,96,,,,,,,,,,,,,,,,,89,,,,,,,,
25-00490,Female,22,BSIT,2019,2.68,88.41,82.64,80.68,No,No,85.7,78.2,Not Employable,,,,,,,83,,,,86,,,,72,,75,,,94,,,92,,,,,,,,,,,,,99,,,,,,,
25-00491,Female,23,BSCS,2018,1.97,80.07,78.46,88.02,No,Yes,82.4,78.9,Employable,,,,84,,83,,,,,,,90,,,93,,73,,,,,,,,,,,,,,,,,75,,,,,,,,
25-00492,Male,21,BSIT,2020,3.25,85.01,82.82,90.03,Yes,No,90.8,79.4,Not Employable,,,,,,,87,,,,82,,,,97,,85,,,97,,,94,,,,,,,,,,,,,75,,,,,,,
25-00493,Female,21,BSCS,2019,2.03,85.87,78.74,94.02,No,No,71.2,70.3,Employable,,,,86,,75,,,,,,,93,,,83,,95,,,,,,,,,,,,,,,,,89,,,,,,,,
25-00494,Female,23,BSIT,2022,1.82,97.68,85.93,82.9,Yes,No,71.3,90.3,Employable,,,,,,,74,,,,77,,,,80,,94,,,87,,,76,,,,,,,,,,,,,85,,,,,,,
25-00495,Female,22,BSA,2019,3.42,83.8,81.35,80.27,Yes,No,81.1,80.6,Not Employable,96,82,,,,,,,80,,,,,,,,,,,,79,,,,,,,,,,96,,,,,,,,,,,,
25-00496,Female,19,BSEd-English,2023,1.68,77.63,89.87,86.1,No,Yes,76.8,76.4,Employable,,,70,,86,,,82,,,,,,,,,,,,,,94,,,72,,,,,,,,,,,,,,,,,,
25-00497,Male,22,BSEd-Filipino,2018,1.38,87.9,93.21,93.32,Yes,No,81.9,91.2,Employable,,,93,,99,,,82,,,,,,,,,,,,,,85,,,,78,,,,,,,,,,,,,,,,,
25-00498,Female,23,BSCS,2018,1.98,93.77,82.41,87.47,Yes,No,97.3,94.2,Employable,,,,80,,77,,,,,,,88,,,95,,92,,,,,,,,,,,,,,,,,98,,,,,,,,
25-00499,Male,22,BSIT,2020,1.72,85.85,84.24,92.91,No,No,74.5,85,Employable,,,,,,,78,,,,97,,,,89,,86,,,74,,,72,,,,,,,,,,,,,95,,,,,,,
25-00500,Male,20,BSCS,2023,2.41,82.83,84.38,80.12,No,No,88.2,70.3,Employable,,,,96,,91,,,,,,,75,,,100,,91,,,,,,,,,,,,,,,,,86,,,,,,,,